question,options,answer,isMultiChoice,count
1.IALA的汉语全称是( ),"A.国际航标组织,B.国际航标协会,C.国际海事协会,D.国际海事组织",B,0,4
2.国际航标协会（IALA）是一个非政府、非获利的技术团体，成立于( )年。,"A.1956,B.1957,C.1958,D.1959",B,0,4
3.国际航标协会（IALA）是一个非政府的、非获利的技术团体，成立于1957年，为来自于世界各地区的航标主管机关、生产厂商和咨询机构提供一个框架，共同致力于：( ),"A.①③,B.①③④,C.②③④,D.③④",B,0,4
4.IALA关于节奏光有效光强的计算，其建议对闪光速度在300次每分以内的闪光灯，其有效光强用( )计算。,"A.Schmidt-Clausen法	,B.Allard法,C.Blondel-Rey-Douglas法,D.Talbot定律",A,0,4
5.国际航标协会系统中提供的灯光颜色有红黄绿白四种颜色，其中只用于专用标志的是( ),"A.黄色,B.红色,C.白色,D.绿色",A,0,4
6.雷达的工作波段中X波段又称为( ),"A.3厘米波段,B.6厘米波段,C.9厘米波段,D.10厘米波段",A,0,4
7.任何雷达信标用于临时的海图未标出的建筑时应使用代码( ),"A.D,B.U,C.Y,D.Z",A,0,4
8.慢扫描频率上应答的雷达应答器，其发射器连续地扫描某一雷达的整个波段，当被询问时触发并反馈信号的雷达应答器，信号更新速度为( )秒。,"A.40-120,B.50-130,C.60-150,D.70-160",C,0,4
9.全球航行警告服务系统由IMO和IHO于1977年联合建立，共有___个航行警告区。( ),"A.16,B.17,C.18,D.19",A,0,4
10.IALA已经采纳了把( )的对比度值作为气象光学视距测量的基础。,"A.0.02,B.0.03,C.0.04,D.0.05",D,0,4
11.IALA关于海上建筑物标示的建议不适用于( ),"A.石油平台,B.海洋信息平台,C.灯桩,D.石油钻井保护套管",C,0,4
12.当桥梁整个跨度下的水道都是可航行的，则日间标志应安装在( ),"A.横梁上面,B.横梁下面,C.桥墩上,D.横梁上面或下面",C,0,4
13.当桥梁只有部分跨度下可以航行，则日间标志应设在( ),"A.横梁上面,B.横梁下面,C.桥墩上,D.横梁上面或下面",D,0,4
14.SOLAS公约第Ⅴ章叙述的内容是关于( )：,"A.救生设备与装置,B.无线电通信设备,C.航行安全,D.高速船安全措施",C,0,4
15.IMO海上航行安全委员会第73次会议通过了全面修订的SOLAS第Ⅴ章航行安全，它于( )生效。,"A.2000年12月1日,B.2001年12月1日,C.2002年7月1日,D.2003年7月1日",C,0,4
16.SOLAS公约从2002年7月起适用于( )总吨以上的各类船舶。,"A.200,B.300,C.400,D.500",B,0,4
17.航标灯光超快闪节奏不应该超过( )闪/分钟，因为在某些环境下更快的节奏将使灯光看起来像是定光。,"A.200,B.250,C.300,D.350",C,0,4
18.IALA建议等明暗光航标灯节奏闪光的周期最大不能超过( )秒。,"A.12,B.15,C.20,D.30",A,0,4
19.国际航标协会理事会于( )年成立了IALA保护历史文物灯塔、航标和相关设备的顾问组。,"A.1995,B.1996,C.1997,D.1998",B,0,4
20.IALA于( )年用英文、法文、德文和西班牙文出版了《世界灯塔》。,"A.1996,B.1997,C.1998,D.1999",C,0,4
21.国际航标协会（IALA）由理事会（Council）管理，理事会由（）名选举产生的理事和（）名非选举产生的理事组成。( ),"A.20，2,B.22,2,C.20,3,D.22，3",B,0,4
22.下列不属于IALA出版物的是( ),"A.IALA标准,B.IALA建议,C.IALA指南,D.IALA手册",A,0,4
23.下列IALA组织架构中，属于常设总部机构的是( ),"A.法律咨询小组,B.引航当局论坛,C.世界学院,D.e-航海委员会",C,0,4
24.下列IALA建议中，编号正确的是( ),"A.R-###代表与遗产事宜相关的建议,B.E-###代表与e航海事宜相关的建议,C.O-###代表与工程和环境事宜相关的建议,D.A-###代表与AIS事宜相关的建议",D,0,4
25.下列英文缩写与中文名称对应一致的是( ),"A.ENG---航标需求与管理委员会,B.ARM---航标工程与可持续发展委员会,C.PIANC---国际航运协会,D.IEC---国际电信联盟",C,0,4
26.海事服务集（MSP）的开发应考虑IHO( )标准的使用，以实现船岸的协调、现代化、集成和简化。,"A.S-57,B.S-100,C.S-200,D.S-300",B,0,4
27.以下性能指标中含义为一个航标或航标系统在任何随机选定的时间段上执行规定功能的概率的是( ),"A.完整性,B.连续性,C.可靠性,D.可用性",D,0,4
28.IALA《航标可用性和可靠性指南（1989年）》建议一类航标的可用性要超过( ),"A.0.998,B.0.99,C.0.97,D.0.996",A,0,4
29.IALA《航标可用性和可靠性指南（1989年）》建议二类航标的可用性要超过( ),"A.0.998,B.0.99,C.0.97,D.0.996",B,0,4
30.IALA《航标可用性和可靠性指南（1989年）》建议无线电航标的可用性要超过( ),"A.0.998,B.0.99,C.0.97,D.0.996",D,0,4
31.环绕建筑（建筑不超过20米）外部水平空间距离每相隔不少于( )米就应该有不少于50平方毫米的垂直向下的避雷针。,"A.5,B.10,C.20,D.25",C,0,4
32.LED灯大约( )的能量以光的形式发射出来。,"A.50％,B.40％,C.30％,D.15％",D,0,4
33.扇形灯被用于导标来标示一条安全的航道时，建议在离导标灯最近的航道终点处，白色扇区的宽度应至少是希望使用该灯光的最大船舶的船体宽度的( )倍。,"A.1.5,B.2,C.2.5,D.3",B,0,4
34.以下几种扇形灯中最大扇区宽度最大的是( ),"A.点光源,B.投射式,C.狭缝式,D.激光",A,0,4
35.以下几种扇形灯中典型的最小扇区宽度最小的是( ),"A.点光源,B.投射式,C.狭缝式,D.激光",B,0,4
36.航行安全信息的发布是通过全球航行警告服务系统来协调的，该系统由( )建立。,"A.国际海事组织,B.国际海道测量组织,C.国际海事组织和国际海道测量组织,D.国际航标协会",C,0,4
7.下列哪项属于浮动标志？( )（航标术语3.1.6）,"A.灯塔,B.兰比,C.灯桩,D.立标",B,0,4
9.通航桥孔跨度较小时且已经设置( )，经过安全评估后，可不设通航桥孔左右侧标志。（中国海区可航行水域桥梁助航标志7.5）,"A.通航桥孔最佳通过点标志,B.通航桥孔左侧标志,C.桥孔禁航标志,D.桥墩警示标志",D,0,4
10.通航5000吨级及以上船舶的通航桥孔，其视觉航标灯光射程应不小于( )。（中国海区可航行水域桥梁助航标志7.7）,"A.0.5nmile,B.2nmile,C.3nmile,D.4nmile",(C),1,4
12.右侧灯浮标：标体绿色、( )或装有顶标的柱形或杆形，顶标为单个绿色锥形，锥顶向上。(中国海区水上助航标志4.22),"A.罐形,B.锥形,C.鼓形,D.方形",B,0,4
13.应急沉船示位标表面是等分的蓝黄垂直条纹，最少个条纹最多个条纹。( )(海区应急沉船示位标管理规则),"A.2.4,B.4.6,C.4.8,D.3.6",C,0,4
14.北方位标：设在危险物或危险区的( )方，标体为上黑下黄装有顶标的柱形，顶标为上下垂直的两个黑色锥形，锥顶均向上，灯质为连续甚快闪白光或连连续快闪白光。(中国海区水上助航标志5.1),"A.北,B.东南,C.西南,D.西",A,0,4
15.( )用于标示周围均为可航行水域，可用于标示航道中央或航道中线，也可用于标示航道口门、港口、通海河口或初见陆地。(中国海区水上助航标志7),"A.孤立危险物标,B.安全水域标,C.专用标,D.推荐航道右侧标",B,0,4
16.罐形浮标水线以上的标身在任何水平方向上观察时呈现的外形特征为？( )（航标术语4.6.9）,"A.正方形,B.长方形,C.矩形,D.菱形",(C),1,4
17.大型浮标largebuoy是具有圆柱形，浑身直径及灯光焦面高度均大于或等于( )m，标示港口口门、重要转向点等特定水域，供船舶测定船位，确定航向或为专用目的设置的浮动标志。(中国海区灯船和大型浮标制式3.2),"A.6,B.7,C.8,D.9",C,0,4
18.专用标志标体灯质为表示专用标特征的莫尔斯信号的( )灯光。(中国海区水上助航标志8),"A.白色,B.黑色,C.黄色,D.红色",C,0,4
19.专用标志标体为黄色，装有单个黄色( )顶标，是用于标示特定水域或水域特征的标志。(中国海区水上助航标志8),"A.锥形,B.球形,C.方形,D.X形",D,0,4
20.应急沉船示位标灯质为黄蓝光互闪3秒，蓝光和黄光轮流各闪1秒钟，中间暗( )秒。(海区应急沉船示位标管理规则),"A.0.5,B.1,C.1.5,D.2",A,0,4
21.下列属于推荐航道标志灯质的是( )。(中国海区水上助航标志4.3.2),"A.联闪2次白光周期5秒,B.快闪3次白光周期10秒。,C.混合联闪2次白光周期12秒,D.混合联闪2次加1次白光周期12秒",D,0,4
22.大型浮标或灯船夜间特征可以下列那种( )规定的灯质来表示。(中国海区灯船和大型浮标制式4.2),"A.单闪，红光，周期4S（明0.5S,暗3.5S）,B.单闪，绿光，周期4S（明0.5S,暗3.5S）,C.单闪，白光，周期4S（明0.5S,暗3.5S）,D.单闪，白光，周期6S（明0.5S,暗5.5S）",D,0,4
23.安全水城标志，标体为红白相间竖条装有一红色球形顶标的柱形或杆形。灯质为等明暗白光周期4秒或长闪白光周期10秒或莫尔斯信号( )白光周期6秒。(中国海区水上助航标志7),"A.“Q”,B.“A”,C.“P”,D.“O”",B,0,4
24.设置雷达应答器时的编码任选，但不得使用( )编码。(中国海区灯船和大型浮标制式4.3),"A.已被指定专门用途的莫尔斯信号“D”及“U”，以“点”为首的莫尔斯信号,B.已被指定专门用途的莫尔斯信号“D”及“U”，以“划”为首的莫尔斯信号,C.已被指定专门用途的莫尔斯信号“B”及“E”，以“点”为首的莫尔斯信号,D.已被指定专门用途的莫尔斯信号“B”及“E”，以“划”为首的莫尔斯信号",A,0,4
25.新危险物可以用雷达应答器来标示，要求在雷达荧光屏上显示一个相当于1nmile长度的图像，其编码为莫尔斯信号( )。(中国海区水上助航标志9.13),"A.D(—··),B.Ｍ(——),C.B（—···）,D.O（―――）",A,0,4
26.专用标用于海上作业标志用途的灯质周期为12秒，莫尔斯信号为( )。(中国海区水上助航标志8.5),"A.D(—··),B.M(——),C.B（—···）,D.O（―――）",D,0,4
27.专用标用于起锚地标志用途的灯质应为黄色，周期为12秒，莫尔斯信号为( )。(中国海区水上助航标志8.5),"A.D(—··),B.M(——),C.Q（——·—）,D.O（―――）",C,0,4
28.应急沉船示位标如考虑加设雷达应答器时，莫尔斯编码为( )。(海区应急沉船示位标管理规则),"A.D(—··),B.M(——),C.Q（——·—）,D.O（―――）",A,0,4
29.( )按照沿海航标管理办法规定的职责负责沿海航标的有关管理工作。（沿海航标管理办法第三条）,"A.国务院,B.交通部,C.交通部海事局,D.地方人民政府。",C,0,4
30.交通部海事局负责组织编制全国沿海航标总体规划，报( )批准。（沿海航标管理办法第五条）,"A.国务院,B.交通部,C.海事局,D.地方人民政府。",B,0,4
31.沿海航标管理机构负责本辖区范围内的沿海航标总体规划，报( )批准。（沿海航标管理办法第五条）,"A.国务院,B.交通部,C.交通部海事局,D.地方人民政府",C,0,4
32.设置沿海航标，应当按照国家有关规定向( )提出申请，取得相应机构的同意。（沿海航标管理办法第十二条）,"A.海区航标管理机关,B.沿海航标管理机构,C.上级航标管理机关,D.地方海事管理部门",B,0,4
33.航标管理机关和专业单位设置航标，应当符合国家有关规定和：( )(中华人民共和国航标条例第七条),"A.法律,B.法规,C.行政规章,D.技术标准",D,0,4
34.对沿海航标总体规划进行局部调整，应当：( )(沿海航标管理办法第六条),"A.报上级沿海航标管理机构批准,B.报交通部海事局备案,C.报交通部海事局批准,D.报交通部备案",B,0,4
35.沿海航标管理机构对沿海航标配布方案进行局部调整，应当：( )(沿海航标管理办法第九条),"A.报上级沿海航标管理机构批准,B.报交通部海事局备案,C.报交通部海事局批准,D.报交通部备案。",B,0,4
36.沿海航标管理机构对沿海航标配布方案进行重大变更，应当：( )(沿海航标管理办法第九条),"A.报上级沿海航标管理机构批准,B.报交通部海事局备案,C.报交通部海事局批准,D.报交通部备案。",C,0,4
37.航标投入使用后，需延长使用期限的，应当于截止日期前___提交书面延期申请。( )(海区航标设置管理办法第十四条),"A.20日,B.30日,C.40日,D.60日",B,0,4
38.全国海区航标设置管理的主管机关是( )，并负责第一类航标设置的规划和审批工作。(海区航标设置管理办法第五条),"A.国务院,B.交通部,C.海事局,D.地方人民政府",B,0,4
39.《海区航标设置管理办法》规定，航标设置书面申请应当在航标设置前( )日提交，并附有航标设计图纸资料一式二份。(海区航标设置管理办法第八条),"A.20,B.30,C.50,D.60",D,0,4
40.《海区航标设置管理办法》规定，辖区航标管理机关申请设置航标，海区航标管理机关应当自收到申请材料之日起，根据国家和交通部颁布的有关规定和技术标准进行审查，属于第二类航标设置的，由海区航标管理机关审批，并于( )日内将书面审批意见下达给辖区航标管理机关。(海区航标设置管理办法第十一条),"A.20,B.30,C.40,D.60",A,0,4
41.《海区航标设置管理办法》规定，辖区航标管理机关申请设置航标，海区航标管理机关应当自收到申请材料之日起，根据国家和交通部颁布的有关规定和技术标准进行审查属于第一类航标设置的，由海区航标管理机关审查，并于( )日内做出书面审查意见，报交通部审批。(海区航标设置管理办法第十一条),"A.20,B.30,C.40,D.60",A,0,4
42.交通部自收到申请材料之日起，应在( )日内将书面审批意见下达给海区航标管理机关，海区航标管理机关应及时通知辖区航标管理机关。(海区航标设置管理办法第十一条),"A.20,B.30,C.40,D.60",A,0,4
43..航标效能验收活动包括哪几部分？( )（出处：海区航标效能验收规范JT/T759-20095.1）,"A.技术测定和评估,B.航标用户意见收集和现场勘察,C.现场勘察和技术测定,D.现场勘察和评估",A,0,4
44.根据海区航标动态通报管理办法，第一类航标动态预计在______不能恢复正常的，应申请发布第二类航标动态。( )(海区航标动态通报管理办法第九条),"A.20日,B.30日,C.40日,D.60日。",B,0,4
45.根据海区航标动态通报管理办法，第二类航标动态应在航标变动前不少于( )申请发布航标动态。(海区航标动态通报管理办法第九条),"A.20日,B.30日,C.40日,D.60日。",A,0,4
46.下列那项变动情况时应发布第一类航标动态？( )(海区航标动态通报管理办法第四条),"A.灯质失常,B.调整位置,C.改变特征,D.航标设置",A,0,4
47.下列那项应发布第二类航标动态？( )(海区航标动态通报管理办法第四条),"A.灯光熄灭,B.灯质失常,C.飘失,D.航标设置",D,0,4
48.根据《中华人民共和国海上交通安全法》，航标和航道附近有碍航行安全的灯光，应当：( )(中华人民共和国海上交通安全法第二十五条),"A.撤除,B.移位,C.遮蔽,D.改变",C,0,4
49.《中华人民共和国航标条例》规定，禁止在航标周围米内或者在埋有航标地下管道，线路的地面钻孔、挖坑、采掘土石、堆放物品或者进行明火作业；禁止在航标周围米内进行爆破作业；禁止在航标周围米内烧荒。( )（中华人民共和国航标条例第十七条）,"A.20,150,500,B.30,150,500,C.20,200,500,D.20,150,400",A,0,4
50.灯塔中的电力设置属于( )（中华人民共和国航标条例第十六条）,"A.航标,B.航标辅助设施,C.航标器材设施,D.助航设施",B,0,4
51.导标的前后标顶设计高程应( )计算的前标标顶最小高程，根据具体情况可适当加大。（水运工程导标设计规范5.2.5）,"A.不大于,B.不小于,C.小于,D.等于",B,0,4
52.导标轴线设计应使用最新测绘的海图或航道图，比例尺一般不小于( )，重要部位或地形复杂时可根据需要适当加大。（水运工程导标设计规范2.0.1）,"A.1/10000,B.1/100000,C.1/100,D.1/1000",A,0,4
53.灯浮全链节、半链节、短链节应各有几个转环？( )（浮标锚链2.6）,"A.1个,B.2个,C.3个,D.4个",A,0,4
54.( )负责并按照规定的时间、频率和要求播发海上航行警告？(中华人民共和国海上航行警告和航行通告管理规定第十三条),"A.海事执法部门,B.航标管理部门,C.海岸电台,D.海测大队",C,0,4
55.浮体直径的允许偏差为浮体直径的( )（浮标通用技术条件4.4.5）,"A.±1%,B.±2%,C.±3%,D.±5%",A,0,4
56.成形后的浮体表面应平整，平整度应小于( )（浮标通用技术条件4.3.3）,"A.3mm,B.4mm,C.5mm,D.6mm",D,0,4
57.浮标所有外露的金属边应圆滑过渡，其边缘的曲率半径不小于( )（浮标通用技术条件4.3.4）,"A.3mm,B.4mm,C.5mm,D.6mm",A,0,4
1.灯桩、导标和立标应( )大保养一次。（海区航标作业管理规则8.2）,"A.每月,B.每季度,C.每半年,D.每年",D,0,4
2.灯浮标、浮标起吊被更换灯浮标时，应检查锚链系统，磨损大于原直径( )的锚链、卸扣和转环应调换。（海区航标作业管理规则14.3）,"A.1/8,B.1/6,C.1/4,D.1/10",A,0,4
3.灯塔应在每年雷雨季节前检查避雷系统，保证接地电阻小于( )欧姆。（海区航标作业管理规则3.11）,"A.8,B.9,C.10,D.11",C,0,4
4.启动航标应急反应时，航标值班船在接到应急反应指令后( )分钟内具备开航条件，同时尽快备齐应急反应所需设备器材。（海区航标应急反应管理办法(试行)第五条）,"A.30,B.10,C.40,D.60",A,0,4
5.辖区航标处应按照本单位航标应急反应预案，( )至少举行一次航标应急反应演习，并做好记录。（海区航标应急反应管理办法(试行)第二十二条）,"A.每月,B.每季度,C.每半年,D.每年",C,0,4
6.灯塔的维修，应实行( )的原则。（中国海区历史灯塔保护管理办法(暂行)7.4）,"A.整洁干净,B.焕然一新,C.修旧如旧,D.体现现代感",C,0,4
7.建于孤岛或孤岛式建筑物上；或乡建制以下（不含乡建制）海岛的灯塔属于( )。（航标法规标准汇编——固定建（构）筑维护管理办法）,"A.A类灯塔,B.B类灯塔,C.C类灯塔",A,0,3
8.建于大陆、半岛或乡建制以上（含乡建制）海岛的灯塔属于( )。（航标法规标准汇编——固定建（构）筑维护管理办法）,"A.A类灯塔,B.B类灯塔,C.C类灯塔",B,0,3
9.凡在雾天、阴晦天气、下雪和暴风雨其能见度小于( )海里时均应发放雾号。（北方海区航标管理——音响航标）,"A.1,B.2,C.3,D.2.5",B,0,4
10.雾号所在地的能见度虽在( )海里以上，但听到附近船舶依照“国际海上避碰规则”的规定发放讯号时，应即放雾号，直到听不到船舶发放讯号为止。（北方海区航标管理——音响航标）,"A.1,B.2,C.3,D.2.5",B,0,4
11.航标处应根据雾号所在地附近的地理情况划定( )海里左右范围的显著易见的物标，以便灯塔人员观察，掌握雾号的发放。（北方海区航标管理——音响航标）,"A.1,B.2,C.3,D.2.5",B,0,4
12.塔形导标标身表面应选用表面比较粗糙的材料，正对导标轴线的标身平面可向后倾斜( )（航标法规标准——港口技术规范）,"A.1°-5°,B.5°-10°,C.8°-12°,D.10°-15°",B,0,4
13.在导标设计中，前后导标标顶高程和导标间距不变的情况下，标顶垂直张角将随观察者在使用段中所处位置的改变而变化，规范规定标顶垂直张角允许变化幅度为______，一般认为______为最有利的标顶垂直张角。( )（航标法规标准——港口技术规范）,"A.14′－60′，5′－10′,B.2′－14′，3′－4′,C.5′－10′，3′－4′,D.2′－14′，4′－6′",B,0,4
"14.导标设计中，标牌由有间隙的板条构成或牌面部分镂空时，其面积不得大于标牌面积的_____,间隙或空孔应不少于____处，并均匀分布。( )（航标法规标准——港口技术规范）","A.1/5，10,B.1/6，15,C.1/3，10,D.1/4，15",C,0,4
15.在风浪、流速较小，地质较好的港区水域，一般情况下采用单锚系方式，锚链宜取最大水深的____倍。( )（海区浮动标志设置规范）,"A.2－3,B.3－4,C.4－5,D.6－7",B,0,4
16.直线航道灯浮标的设置，原则上应达到：白天从一个标能见到同一航向上相邻的下一个标，夜间从一个灯标能见到同一航向上相邻的下两个灯标。一般情况下，连续设置侧面标志的间距取_____海里。( )（航标法规标准——港口技术规范）,"A.1海里,B.2海里,C.1－2海里,D.0.5－15海里",C,0,4
17.设置有无线电指向标或雾号的灯塔称为( )灯塔。（海区航标作业管理规则3.1）,"A.二合一,B.三合一,C.四合一,D.五合一",A,0,4
18.灯塔应根据实际条件制订具体消防措施，每年组织( )次消防演练，并记录于安全活动记录簿。灯塔人员应懂得灭火常识，会使用各种消防器材，做好防火工作。,"A.一,B.两,C.三,D.四",A,0,4
19.灯浮标、浮标保养时防锈漆干燥后，在浮体水线以上部分按要求罩涂油漆道。在浮体水线以下部分罩涂防腐漆道。( )（海区航标作业管理规则12.3）,"A.二、一,B.二、二,C.三、一,D.一、二",B,0,4
20.灯器安装使用前应经试运行。新灯器应连续正常运行( )小时、海区航标作业管理规则海区航标作业管理规则8.4,"A.24,B.12,C.36,D.48",A,0,4
21.修复灯器应连续正常运行( )小时。（海区航标作业管理规则海区航标作业管理规则8.4）,"A.24,B.72,C.36,D.48",B,0,4
22.视觉航标技术测定要求，在偏差允许范围内，浮动标志的推算沉石位置与设计位置误差值应小于( )。（航标效能验收规范5.2.1.1视觉航标）,"A.5m,B.15m,C.30m,D.50m",C,0,4
23.辖区航标处应在征询( )意见的基础上制订应急设标方案（包括标志的位置、种类、特征等）。（海区航标应急反应管理办法(试行)11.2）,"A.当地引航站,B.当地海事局,C.海区海事局,D.海区局导航处",B,0,4
24.航标灯器日光阀值一般规定为：( )（出处：航标实用手册P26）,"A.100±10Lux,B.200±10Lux,C.300±10Lux,D.300±50Lux",D,0,4
25.运用于浮标的LED灯，其透镜外径最大不超过mm，水平光强分布均匀，最小光强应大于最大光强的。( )（出处：航标实用手册P27）,"A.150，50%,B.150，60%,C.250，50%,D.250，60%",D,0,4
26.对LED灯耐老化的要求，定光工作一年或闪光工作三年后，电流不能低于公布光强的：( )（出处：航标实用手册P27）,"A.90%,B.80%,C.70%,D.60%",B,0,4
27.硅太阳能电池的光强特性之一是，短路电流与入射光强和电池受光面积成( )（出处：航标实用手册P33）,"A.正比,B.反比,C.不规则正变,D.对数正比",A,0,4
28.一灯塔的标称灯光射程24海里，装在一灯塔上（灯高64米），则该灯塔公布射程为：( )（出处：视觉航标基础理论P90）,"A.24海里,B.21.3海里,C.7.5海里,D.16.6海里",B,0,4
29.在实际应用中，点光源的视角定为( )以下。（出处：视觉航标基础理论P79）,"A.1′,B.2′,C.2.5′,D.3′",A,0,4
"30.大气透射率T=0.74,相当于气象能见度( )海里。（出处：航标实用手册P49）","A.5,B.10,C.15,D.20",B,0,4
31.光通量的单位是( )。（出处：视觉航标基础理论P31）,"A.lm,B.cd,C.nt,D.lx",A,0,4
32.光强的单位是( )。（出处：视觉航标基础理论P31）,"A.lm,B.cd,C.nt,D.lx",B,0,4
33.照度的单位是( )。（出处：视觉航标基础理论P31）,"A.lm,B.cd,C.nt,D.lx",D,0,4
34.根据航标产品型号命名方法，雷达应答器的产品代号是( )。（出处：航标法规标准汇编P437）,"A.HD,B.HF,C.yK,D.yD",D,0,4
35.光源置于焦点略高一点的位置，则经透镜折反元件射出来的光束向( )方向辐射。（航标光声学P293）,"A.偏下方,B.平行,C.偏上方",A,0,3
36.( )与浮标锚链配套设施中的系沉锤相连接。（浮标锚链5.2.2）,"A.马鞍链,B.全链节,C.半链节,D.短链节",B,0,4
37.混合联顿光的代号为：( )（航标术语4.5.17）,"A.Q,B.Oc,C.Iso,D.VQ",B,0,4
38.闪光次数每分钟不少于50次不超过80次的有节奏、不变色的灯光是( )（航标术语4.5.24）,"A.快闪光,B.单闪光,C.联顿光,D.连续快闪光",A,0,4
39.鼓形透镜的规格一般依照( )方式分类。（航标光声学P275）,"A.内径大小,B.透镜高度,C.外径大小,D.透镜周长",A,0,4
40.夜间船舶在我国沿海航行，发现某浮标灯质为:快闪或甚快闪，表明其( )存在危险物。,"A.北侧,B.东侧,C.南侧,D.西侧",(C),1,4
41.长闪光是指闪光明的时间不少于( )秒的单闪光。（GB4696附录表A1）,"A.1,B.2,C.2.5,D.342.",B,0,4
42.对雷达应答器的要求，旁瓣抑制度应大于：( )（出处：航标实用手册P28）,"A.10dB,B.20dB,C.30dB,D.40db",B,0,4
43.雷达应答器的编码是通过莫尔斯码字母来实现，而采用的莫尔斯码字母通常由“划”开始，并且一般不超过三“点”或三“划”，其中点划的长度比例为：( )（出处：航标法规标准汇编P60）,"A.1/3,B.1/4,C.1/5,D.1/6",A,0,4
44.无人看守的应答器，每月检测应( )一次，或按巡检周期进行。（出处：航标法规标准汇编P61）,"A.不少于,B.等于,C.不多于,D.多于",A,0,4
45.管理机关应每月( )安排巡检雷达应答器。（出处：航标法规标准汇编P61）,"A.两次,B.一次,C.不少于三次,D.至少一次",A,0,4
46.浮标锚链全链节的长度约为( )m。,"A.13.7,B.27.5,C.25.7,D.4.5",B,0,4
47.有人值守的重要的灯塔、导灯和灯船的可用性超过( )。（出处：北方海区航标管理P311）,"A.0.998,B.0.99,C.0.98,D.0.97",A,0,4
48.灯塔主体应具有明显视觉识别效果，满足安全，可靠、牢固，要求外形美观大方。塔身高度除应满足灯塔射程所需地理视距高度要求外，还应满足以下要求：三级灯塔：不小于( )。（出处：航标法规标准汇编P379）,"A.12M,B.10M,C.9M,D.8M",D,0,4
49.中国海区水上助航标志制度规则规定，用于标示横越区的专用标的闪光节奏为莫尔斯信号( )。（GB4696-2016）,"A.“Y”,B.“K”,C.“Z”,D.“C”",C,0,4
50.灯桩、导标、立标、灯浮标和浮标资料应( )，按规定填写，如有变动及时入档，首页按最新资料填写。（出处：航标法规标准汇编P50）,"A.一标多档,B.一标一档,C.多标一档",B,0,3
51.对分段涂色的水中固定标志，应将最下一段的涂色自___________尽量向下延伸。( )（出处：航标法规标准汇编P212）,"A.海平面,B.理论深度基准面,C.大潮高潮面,D.平均大潮高潮面",D,0,4
52.为减少船舶在某区段内所需航行时间而开辟的航道是( )（航标术语3.2.21）,"A.短捷航道,B.缓流航道,C.经济航道,D.快速航道",C,0,4
53.闪光次数每分钟不少于160次的有节奏、不变色的灯光是( )（航标术语4.5.30）,"A.超快闪光,B.连续超快闪光,C.连续快闪光,D.甚快闪光",A,0,4
54.推荐航道左侧标位于推荐航道的（），标示推荐航道位于本标的( )（航标术语4.6.23）,"A.左侧左侧,B.左侧右侧,C.右侧左侧,D.右侧右侧",B,0,4
55.推荐航道右侧标位于推荐航道的( )，标示推荐航道位于本标的（）（航标术语4.6.23）,"A.左侧左侧,B.左侧右侧,C.右侧左侧,D.右侧右侧",C,0,4
56.下列何种灯标可显示红色灯光( )。（GB4696）,"A.水平横纹,B.竖纹,C.黄色灯标,D.专用标",A,0,4
57.南方位标设在危险物或危险区的( )，标示危险物或危险区在本标的（）（航标术语4.6.25.1）,"A.北方北方,B.北方南方,C.南方北方,D.南方南方",C,0,4
58.海区航标效能验收规范要求，在偏差在允许范围内，活节式灯桩的推算沉石位置与设计位置误差值应小于( )（海区航标效能验收规范）,"A.8米,B.10米,C.12米,D.15米",C,0,4
59.( )级以上大风过境或受其他自然灾害袭击后，必须对灯桩、导标、立标、灯浮标和浮标进行一次全面巡检。(海区航标作业管理规则海区航标作业管理规则8.7),"A.8,B.9,C.10,D.11",(C),1,4
64.船舶夜间由海上驶近我国沿海某港口，发现⼀光质为Fl(2+1)G，表明( )。,"A.该标为左侧标,B.该标为右侧标,C.该标为推荐航道左侧标,D.该标为推荐航道右侧标",(D),1,4
65.安全水域标标身的颜色特征为( )。,"A.红黑红横纹,B.黑红黑横纹,C.红白相间横纹,D.红白相间竖纹",(D),1,4
66.与灯桩和立标相比，灯塔所具有的特点是( )。I.高大坚固;II.形状显著;III.射程较远;IV.工作可靠;V.位置准确。,"A.I~III,B.II~IV,C.III~V,D.I~V",(D),1,4
67.夜间航行，若发现前方有一绿色快闪或甚快闪的灯浮，则该标为( )。,"A.右侧标,B.北方位标,C.新危险物标,D.A或C",(A),1,4
68.桥孔通航能力在5000吨级以上，通航桥孔左侧标志标牌边长应不小于( )m。（中国海区可航行水域桥梁助航标志B.2.1）,"A.2,B.2.7,C.1.4,D.2",B,0,4
69.通航5000吨级及以上船舶的通航孔，其夜间航标灯光射程应不小于( )海里，其他通航桥孔的夜间航标灯光射程应不小于2海里。（中国海区可航行水域桥梁助航标志7.7）,"A.1,B.2,C.3,D.4",C,0,4
70.东方位标顶标结构为上下垂直设置的两个锥体，( )。,"A.锥顶均向上,B.锥底相对,C.锥顶均向下,D.锥顶相对",B,0,4
71.海图上陆地一般采用( )色表示。,"A.黄,B.浅蓝,C.浅绿,D.紫",A,0,4
72.海图上对可能对航行构成危害的不依比例表示暗礁应加绘危险线，危险线内设( )实色。,"A.黄,B.浅蓝,C.浅绿,D.紫",B,0,4
73.《中国海区水上助航标志》灯浮标表示特征的方法为( ),"A.白天以标志的颜色和形状或顶标来表示，夜间以标志的灯质来表示,B.白天以标志的灯质来表示，夜间以标志的颜色和形状或顶标来表示,C.白天、夜间均以标志的灯质来表示,D.白天、夜间均以标志的颜色和形状或顶标来表示",A,0,4
74.下列不属于LED灯器的优点的是( ),"A.能够产生饱和单色光,B.工作温度低,C.使用寿命长,D.易与光学装置匹配",D,0,4
75.下列灯质缩写跟中文名称对应一致的是( ),"A.Oc(#)-----单顿光,B.Oc(#+#)-----混合联顿光,C.Fl-----联闪光,D.Fl(#)-----长闪光",B,0,4
76.顶标的形状不包含( ),"A.方形,B.球形,C.罐形,D.X形",A,0,4
77.根据《海区航标设置管理办法》的规定，航标设置书面申请应当在航标设置前___日提交，并附有航标设计图纸一式二份。( ),"A.15,B.30,C.45,D.60",D,0,4
78.根据《海区航标设置管理办法》的规定，以下不属于第二类航标设置的是( ),"A.灯浮标,B.雷达信标,C.无线电指向标,D.雾号",C,0,4
80.沿海航行，发现某浮标标身为红白相间竖纹，则船舶应( ),"A.避开该标航行,B.靠近该标航行,C.从该标左侧通行,D.从该标右侧通行",(B),1,4
81.北方位标的涂色为( )。,"A.上黑下黄,B.上黄下黑,C.黑黄黑横纹,D.黄黑黄横纹",(A),1,4
83.下列关于太阳能板的描述，错误的是( ),"A.不需要活动部件的电源,B.除了清洁外，没有其他维护要求,C.在寿命周期内，功率输出的衰减非常小,D.非常低的寿命周期成本",B,0,4
84、虚拟AIS航标是由AIS基站通过( )号报文播发的虚拟航标信息。,"A.19,B.20,C.21,D.22",C,0,4
85.南方位标的灯质( ),"A.绿光，连续快闪,B.联甚快闪3次，周期5秒，红光,C.白光，联快闪6次加一长闪，周期15秒,D.白光，联快闪9次，周期15秒",C,0,4
86.MO（Z）代表的是( )标志,"A.锚地,B.横越区,C.水中构筑物,D.海上作业区",B,0,4
87.以下属于南方位标标体水平色带的划分方法是( ),"A.二等分法,B.三等分法,C.四等分法,D.五等分法",A,0,4
88.我国沿海航行，真航向025°，发现某灯标的真方位为035°，下列何种情况下表明你船正处在该标示的可航水域( )。,"A.该标显示快闪光（Q）,B.标身为黑黄黑横纹,C.显示联快闪加一长闪光（Q（6）+LF1）,D.顶标为两黑色圆锥，尖对尖。",D,0,4
89、标示桥梁通航桥孔右侧的雷达应答器编码是莫( )。（中国海区可航行水域桥梁助航标志5.2）,"A.T,B.P,C.B,D.F",(A),1,4
90.大型浮标是具有圆柱形，浮身直径及灯光焦面高度均大于或等于( )m，标示港口口门，重要转向点等特定水域，供船舶测定船位、确定航向或为专用目的设置的浮动标志。,"A.6,B.7,C.8,D.9",C,0,4
91.北方位标的涂色为( )。,"A.上黑下黄,B.上黄下黑,C.黑黄黑横纹,D.黄黑黄横纹",(A),1,4
92.连续设置的浮动助航标志，灯质可按( )有规律配置，转向点设置的灯质宜选用快闪。,"A.单闪、双闪、三闪,B.单闪、双闪、双闪,C.双闪、三闪、四闪,D.双闪、双闪、三闪",A,0,4
93.在孤立危险物附近设置浮动助航标志时，应尽可能靠近危险物位置，抛设位置与危险物距离应小于( )米。,"A.150,B.160,C.170,D.180",D,0,4
94.第一类航标动态预计在( )天内不能恢复正常的，应申请发布第二类航标动态。,"A.20,B.25,C.30,D.35",(C),1,4
95.船舶顺着航道走向驶入航道中，在本船右舷你应该发现( )。,"A.左侧标,B.右侧标,C.推荐航道左侧标,D.推荐航道右侧标",(B),1,4
96.某航标涂色为黄黑黄横纹，则该标为( )。,"A.北方位标,B.南方位标,C.东方位标,D.西方位标",(D),1,4
97.混合联闪光可用于标示( )。,"A.锚地,B.渔区,C.航路分支点,D.疏浚区",(C),1,4
98.海区浮标制度规则规定，标准的浮标顶标形状有( )。I.罐形;II.锥形;III.球形;IV.叉形;V.杆形;VI.柱形。,"A.I~III,B.I~IV,C.I~V,D.I~VI",(B),1,4
99.如某船在某海域发现⼀一浮标，标身颜色为上黑下黄横纹，则危险物位于其( )。,"A.北侧,B.东侧,C.南侧,D.西侧",(C),1,4
100.中国海区水上助航标志适应于中国海区及其海港的( )和()(不包括灯塔、扇形光灯标、导标、灯船和大型助航浮标)。,"A.浮标、固定标志,B.浮标、水上标志,C.所有浮标、水中固定的标志,D.水上标志、固定标志",(C),1,4
1.航海上进行精度较高的计算时，通常将地球当作：( )（全国海船船员考试题库）,"A.圆球体,B.椭圆体,C.椭球体,D.不规则几何体",B,0,4
2.地理经度和地理纬度是建立在_____基础上的。( ),"A.地球圆球体,B.地球椭圆体,C.地球椭球体,D.球面直角坐标系",B,0,4
3.经差、纬差的方向是根据_____来确定的。( ),"A.起航点相对到达点的方向,B.到达点相对于起航点的方向,C.起航点的地理坐标的名称,D.到达点的地理坐标的名称",B,0,4
4.地磁南极具有_____磁量；地磁北极具有_____磁量( ),"A.负；正,B.正；负,C.负；负,D.正；正",B,0,4
5.地理经度是以( )作为基准线的。,"A.赤道,B.格林经线,C.测者经线,D.测者子午圈",B,0,4
6.地理纬度是建立在( )基础上的。,"A.地球椭圆体	,B.地球圆球体,C.地球椭球体	Ｄ.球面直角坐标系",A,0,3
7.中版海图和航标表所标灯塔射程与下列哪项因素无关？( ),"A.灯高,B.灯光强度,C.地面曲率,D.测者实际眼高",D,0,4
8.夜间利用灯塔灯光进行方位定位时，应先测：( ),"A.闪光周期短，正横附近的灯塔,B.闪光周期长，正横附近的灯塔,C.闪光周期短，首尾线附近的灯塔,D.闪光周期长，首尾线附近的灯塔",D,0,4
9.叠标导航，发现后标位于前标正上方，你船应( ),"A.向左转向,B.向右转向,C.保持航向,D.先向左再向右转向",C,0,4
10.英版《灯标和雾号表》记载了全世界各种灯塔、灯桩和( )的灯浮及雾号资料。,"A.灯芯高度小于8m,B.灯芯高度大于8m,C.灯芯高度等于8m,D.所有灯芯高度在8m以上的和部分灯芯高度小于8m",D,0,4
11.陆标定位中，以下物标应首先选用的是：( ),"A.树木茂盛的大岛,B.显著岬角,C.平坦小岛,D.灯浮",B,0,4
12.浮标导航，应首先正确辨认各个浮标。通常辨认浮标是观察该标的：①颜色②顶标③灯质④形状⑤编号⑥射程( ),"A.①②③,B.①②③④,C.①②③④⑤,D.①②③④⑤⑥",C,0,4
13.我国沿海侧面标的编号原则为( )。,"A.逆浮标习惯走向顺序编号,B.沿浮标习惯走向顺序编号,C.A.B都对,D.A.B都错",B,0,4
14.中版海图和航标表中所标灯塔射程，通常是( )。（海员船员适任考试自学教材）,"A.光力能见距离,B.5m眼高灯塔地理能见距离,C.A.B中较小者,D.A.B中较大者",C,0,4
15.关于高斯投影，下列说法不正确的是：( ),"A.将地球当作椭圆体,B.地轴与圆柱轴垂直,C.投影圆柱面与某子午面相切,D.赤道投影后是一条直线",A,0,4
16.海图高程基准面通常作在海图上所标( )等高程的起算面。Ⅰ.山头；Ⅱ.岛屿；Ⅲ.明礁,"A.Ⅱ.Ⅲ,B.Ⅰ.Ⅲ,C.Ⅰ.Ⅱ,D.Ⅰ.Ⅱ.Ⅲ",D,0,4
17.海图上所标干出高度是指：( ),"A.物标高出海底的高度,B.海图深度基准面以上的高度,C.平均海面以上的高度,D.平均大潮高度面以上的高度",B,0,4
18.海图水面空白区域，表示该区：( ),"A.不存在航海危险，没有必要测量,B.经过测量，其内水深足够，无需标注,C.未经详细测量，应视为不可靠区域,D.航海危险区",C,0,4
19.适淹礁是指：( ),"A.平均大潮高潮时露出的弧立岩石,B.平均大潮高潮面下，深度基准面以上的弧立岩石,C.深度基准面适淹的礁石,D.深度基准面以下的孤立岩石",C,0,4
20.等角横圆柱投影，即高斯-克吕格投影，在航海上常被用来绘制：( ),"A.半球星图,B.大圆海图,C.墨卡托航用海图,D.大比例尺港泊图",D,0,4
21.中版海图所标净空高度是指从___到桥下净空宽度中下梁___的垂直距离。( ),"A.平均大潮高潮面或江河高水位/最高点,B.平均高高潮面或当地平均海面/最高点,C.平均高高潮面或当地平均海面/最低点,D.平均大潮高潮面或江河高水位/最低点",D,0,4
22.海图上所标比高是指：( ),"A.海底至物标顶端的高度,B.高程基准面至物标顶端的高度,C.高程基准面至物标基部地面的高度,D.物标基部地面至其顶端的高度",D,0,4
23.地球椭圆体上不同纬度1＇弧长不相等，在纬度45°处1nmile等于：( ),"A.1842.9m,B.1852.3m,C.1852.0m,D.1861.6m",B,0,4
24.墨卡托海图上各条纬线的纬度渐长率是：( ),"A.固定不变的,B.随经度的变化而变化,C.随局部比例尺的变化而变化,D.随海图比例尺的变化而变化",A,0,4
25.基准比例尺是( )。,"A.图上各点局部比例尺的平均值,B.图上某经线的局部比例尺,C.图上某纬线的局部比例尺,D.A+B+C",C,0,4
"26.某海图基准比例尺C=1:750000(基准纬度45°N),若该图上30°N线的局部比例尺为C1,60°N线的局部比例尺为C2,则( )","A.C1>C>C2,B.C2>C>C1,C.CI=C=C2,D.C=2(C1+C2)",B,0,4
"27.如果海图绘制工作中绘画误差为0.1mm,比例尺为1:10000海图的极限精度为( )。","A.1m,B.10m,C.15m,D.2m",(B),1,4
"28.海图的极限精度是海图存在的不可避免的误差,它相当于海图上( )的实地水平长度。","A.0.05mm,B.0.1mm,C.0.15mm,D.0.2mm",B,0,4
"29.海图比例尺越大,海图的极限精度( )","A.越高,B.越低,C.不变,D.不一定",(A),1,4
30.1nmile的实际长度( ),"A.在赤道附近最短,B.在纬度45°附近最短,C.在两极附近最短,D.固定不变",A,0,4
"31.关于海里的说法,下列哪个是错误的( )。","A.地球椭圆子午线上纬度1°的弧长,B.1海里的实际长度随纬度的变化而变化,C.我国和国际上大多数国家都将1852m定为1海里的标准长度,D.将1852m定为1海里的标准长度后,在纬度45°附近产生的误差最大",(D),1,4
32.当用物标垂直角求距离时，使用的航海仪器是：( ),"A.分罗经,B.雷达,C.六分仪,D.方位仪",C,0,4
33.距离定位时，应先测：( ),"A.正横附近的物标,B.接近首尾的物标,C.较远的物标,D.任意一个物标",A,0,4
34.单物标方位距离定位，为了提高定位精度，在物标选取上应注意：( ),"A.选取正横附近物标进行观测,B.选取首尾线附近物标进行观测,C.选取较近物标进行观测,D.选取孤立物标进行观测",C,0,4
35.潮差最大的潮汐称为：( ),"A.分点潮,B.回归潮,C.大潮,D.小潮",C,0,4
36.差比数是指主附港之前的( )。,"A.潮时差和潮高差,B.潮时差和潮差,C.潮时差.潮差和改正值,D.潮差比与平均海面季节改正",C,0,4
37.狭水道航行，为了避开帆船和非机动船，通常应选择在( )时进出港。,"A.涨潮,B.落潮,C.平潮,D.大潮",C,0,4
38.GPS卫星导航可提供全球、全天候、高精度( )。,"A.连续、不定时定位与导航,B.连续、近于实时定位与导航,C.间断、不定时定位与导航,D.间断、近于定时定位与导航",B,0,4
39.GPS卫星导航系统中，导航仪通道间偏差属于：( ),"A.卫星误差,B.信号传播误差,C.几何误差,D.卫星导航仪误差",D,0,4
40.下列形状对雷达波反射性能最强的是：( ),"A.平板状物体,B.角反射器,C.球状物体,D.圆柱状物体",B,0,4
41.负责发布世界水域无线电航海警告的无线电航海警告系统有：( ),"A.IMO和IHO建立的全球性航海警告系统（NAVAREA系统）,B.美国建立的远距离航海警告系统,C.沿海各国指定的海岸电台,D.A+B",D,0,4
"42.船用导航雷达发射的电磁波遇到物标后,可以：( )","A.穿过去,B.较好的反射回来,C.全部绕射过去,D.以上均对",B,0,4
43.下列物标中哪个是用作雷达定位较好的物标？( ),"A.浮标,B.建筑群中的较高的灯塔,C.陡峭岸角,D.沙滩岸线",C,0,4
44.下列雾航措施中，哪项是错误操作( ),"A.通知机舱备车，采用安全航速,B.开启VHF，按章施放雾号,C.开启雷达，必要时增派了望人员,D.保持肃静，关闭所有驾驶台的门窗",D,0,4
45.我国冬季能结冰的海域有:( ),"A.渤海、黄海北部,B.黄海中部和南部,C.东海北部,D.南海北部",A,0,4
46.风向和流向:( ),"A.都是指来向,B.风是指来向，流是指去向,C.都是指去向,D.风是指去向，流是指来向",B,0,4
47.半日潮一个周期为：( ),"A.12h50min.,B.12h,C.24h,D.12h25min",D,0,4
48.在同一地点的大潮和小潮:( ),"A.大潮低潮潮高高于小潮低潮潮高,B.大潮低潮潮高低于小潮低潮潮高,C.大潮低潮潮高等于小潮低潮潮高,D.无法确定大潮低潮潮高与小潮低潮潮高谁大谁小",B,0,4
49.某港口潮汐现象为：半个月中有一半以上的天数为两次高潮两次低潮，其余日子为日潮。该港口为：( ),"A.正规半日潮港,B.不正规半日潮港,C.正规日潮港,D.不正规日潮港",D,0,4
50.“海浪”通常是指:( ),"A.海啸,B.内波,C.潮波,D.ABC都错",D,0,4
51.关于天气现象“霾”，下列正确的说法是：( ),"A.霾是大量极细微的烟粒、尘粒、盐粒等均匀地浮游在空中，使海面能见度小于1km的空气普遍浑浊现象,B.霾使远处光亮物体微带黄、红色，使黑暗物体微带蓝色,C.AB都对,D.AB都错",B,0,4
52.台风登陆后再入海，在这个过程中台风的强度如何变化？( ),"A.先减弱，后又加强,B.先加强，后又减弱,C.两次都是减弱,D.两次都是加强",A,0,4
53.航海通告可用于改正：①航海图书总目录②航路指南③海图④里程表⑤船舶定线资料⑥进港指南( ),"A.①②③,B.④⑤⑥,C.①②③④,D.①②③④⑤⑥",A,0,4
"54.沿岸航行,大船的航线应设计在( )","A.10m等深线以外,B.20m等深线以外,C.水深大于吃水的海区,D.B+C",B,0,4
55.建立船舶交通管理系统（VTS）的目的是( )。,"A.保障船舶交通安全,B.提高交通效率,C.保护水域环境,D.以上都是",D,0,4
56.大洋航行区最低航行要求一般是( ),"A.预测准确度为2－4海里，最大的定位时间间隔未2小时,B.预测准确度为1－3海里，最大的定位时间间隔未2小时,C.预测准确度为2－4海里，最大的定位时间间隔未1小时,D.预测准确度为1－3海里，最大的定位时间间隔未1小时",A,0,4
57.在海上确定位置最少需要( )条位置线（LOP）,"A.1,B.2,C.3,D.4",B,0,4
1.GPS空间部分由( )颗卫星组成。,"A.4轨道，24颗卫星,B.3轨道，18颗卫星,C.5轨道，24颗卫星,D.6轨道，24颗卫星",D,0,4
2.GPS卫星轨道是倾斜轨道，周期为( )小时,"A.倾斜，24小时,B.赤道，24小时,C.倾斜，12小时,D.赤道，12小时",C,0,4
3.C/A码通常称为( ),"A.精测码,B.粗测码,C.ASCⅡ码,D.子掩码",B,0,4
4.GPS中的P码是( ),"A.随机码,B.伪随机码,C.m序列码,D.粗测码",B,0,4
5.GPS的时间基准是( ),"A.世界时,B.协调世界时,C.GPS时,D.北京时间",B,0,4
6.GPS信号是( ),"A.调频信号,B.伪码扩频调相信号,C.调幅信号,D.调码信号",B,0,4
7.GPS中的数据码D（t）的码率是( ),"A.200比特/秒,B.50比特/秒,C.48比特/秒,D.10.23MHz",B,0,4
8.GPS三维定位必须至少测量( )颗卫星,"A.5,B.4,C.3,D.2",B,0,4
9.GPS定位精度与几何因子的关系为( )相关,"A.正,B.负,C.不,D.有时为正有时为负",A,0,4
10.GPS系统中HDOP是( )精度几何因子,"A.平面位置,B.高程,C.三维位置,D.垂直位置",A,0,4
11.为提高GPS定位精度，GDOP值应选择( ),"A.越大越好,B.越小越好,C.固定值,D.中等值",B,0,4
12.以下有关GPS描述，不正确的是( )（《全球定位系统原理与应用》）,"A.卫星运行周期10h58min,B.轨道平均高度20200公里,C.每天每颗卫星约有5h在地平线上,D.位于地平线上卫星最少4颗，最多11颗",A,0,4
13.以下哪种属于GPS接收机类型( )（《全球定位系统原理与应用》）,"A.Y码载波相位接收机,B.D码载波相位接收机,C.x码载波相位接收机,D.B码载波相位接收机",A,0,4
14.按参考点位置不同，GPS定位方法可分为( )（《全球定位系统原理与应用》）,"A.相对定位和绝对定位,B.静态定位和动态定位,C.双轨定位和双星定位,D.高精度定位和低精度定位",A,0,4
15.以下不属于GPS接收机按接收技术方式分类的是( )（《全球定位系统原理与应用》）,"A.时序接收机,B.多通道接收机,C.多路复用接收机,D.导航型接收机",D,0,4
16.对流层传播延时误差随卫星仰角增大而( ),"A.增大,B.减小,C.不变,D.无规律",B,0,4
17、北斗卫星导航定位系统空间部分由( )颗卫星组成。,"A.4颗静止轨道，30颗非静止轨道卫星,B.5颗静止轨道，30颗非静止轨道卫星,C.4颗静止轨道，31颗非静止轨道卫星,D.5颗静止轨道，31颗非静止轨道卫星",B,0,4
18、北斗卫星导航定位系统30颗非静止轨道卫星里有( )颗meo卫星。,"A.25颗,B.26颗,C.27颗,D.28颗",C,0,4
19、北斗卫星导航定位系统30颗非静止轨道卫星里有( )颗igso卫星。,"A.2颗,B.3颗,C.4颗,D.5颗",B,0,4
20、北斗卫星导航定位系统计划在( )年向全球提供服务。,"A.2019,B.2020,C.2021,D.2022",B,0,4
21、北斗卫星导航定位系统首颗卫星是在( )时间发射。,"A.2007年4月14日,B.2007年4月15日,C.2008年4月14日,D.2008年4月15日",A,0,4
22、能提供位置、导航、授时以及通信功能的卫星导航定位系统有( )。,"A.美国的GPS定位系统,B.俄罗斯的GLONASS系统,C.欧盟的伽利略系统,D.中国的北斗卫星导航定位系统",D,0,4
23.伪距差分GPS播发台播发的校正量是( ),"A.位置校正值,B.伪距校正值,C.时间校正值,D.电离层较正值",B,0,4
24.DGPS定位精度与用户和基准台的距离( ),"A.无关,B.有关,C.不确定,D.远距离时无关",B,0,4
25.RBN-DGPS系统工作射频在( )频段,"A.甚高频,B.中频,C.微波,D.高频",B,0,4
26.RTCM电文主要用途是供( )接收使用的,"A.DGPS用户,B.控制台,C.维修人员,D.值班员",A,0,4
27.我国RBN-DGPS的RTCM电文发送速率是( ),"A.50bit/s,B.200bit/s,C.1600bit/s,D.300bit/s",B,0,4
28.RBN-DGPS基准台的主要功能是计算( ),"A.卫星数目,B.伪距校正值,C.卫星信号频率,D.监测卫星",B,0,4
29.海上无线电信标频率范围为( )kHz。,"A.273.5-315,B.283.5-325,C.273.5-335,D.274.5-335",B,0,4
30.供DGPS基准站系统内部通信用的电文命名为( )电文,"A.RTCM,B.DGPS,C.RSIM,D.RBIM",C,0,4
31.卫星导航电文“AODE”含义( ),"A.参考历元,B.近地点视角,C.轨道倾角变率,D.星历数据龄期",D,0,4
32.差分GPS电文9内容是( )(《全球定位系统原理与应用》),"A.高速率差分校正值,B.基站识别,C.信标书历,D.电层电文",A,0,4
33.海区航标效能验收规范要求，RBN-DGPS台站差分改正信号准确，在信号覆盖范围300公里内动态定位精度为( )（海区航标效能验收规范）,"A.1米,B.2米,C.3米,D.5米",D,0,4
34.RBN-DGPS系统正常运行时，在规定的覆盖区域内，DGPS信号的最小场强应为( )。(《沿海无线电指向标一差分全球定位系统播发标准》7T377-1998中5.7),"A.60uV/m,B.65uV/m,C.70uV/m,D.75uV/m",(D),1,4
35.DGNSS在覆盖范围内的定位误差应小于( )。,"A.5m(2drms),B.10m(2drms),C.15m(2drms),D.20m(2drms)",B,0,4
36.DGNSS系统向用户提供差分信息的更新间隔为( )。（差分全球导航卫星系统（DGNSS）技术要求）,"A.1-3s,B.3-5s,C.10-30s,D.5-10s",A,0,4
37.卫星导航定位系统（GNSS）在全球共有4位VIP会员，包括：( ),"A.美国的GPS定位系统,B.俄罗斯的GLONASS系统,C.欧盟的伽利略系统,D.中国的北斗卫星导航定位系统,E.以上都是",E,0,5
38.雷康的海上作用距离主要取决于雷康的高度和询问雷达的高度。对于浮标，要求大于等于( )的全向作用距离；对于灯塔设备，要求大于等于( )的作用距离。,"A.5海里，15海里,B.15海里，5海里,C.15海里，15海里,D.15海里，20海里",AA,1,4
39.雷达应答器X频段工作频率为( )。,"A.2900MHz-3100MHz,B.9300MHz-9500MHz,C.9100MHz-9500MHz,D.2900MHz-3500MHz",B,0,4
40.推荐的海区雷达应答器使用( )直流稳压电源。,"A.12V,B.12-36V,C.9-36V,D.9-24V",A,0,4
41.雷康的海上作用距离主要取决于( )。,"A.发射功率,B.雷康的高度和询问雷达的高度；,C.接收信号,D.雷达应答器的高度",B,0,4
42.雷达应答器的三种工作状态为( )。,"A.静默状态,警戒状态和发射状态;,B.警戒状态，等待状态和发射状态;,C.静默状态,等待状态和发射状态;,D.警戒状态，静默状态和等待状态;",A,0,4
43.雷达应答器的识别编码以( )。,"A.“划”（—）开始；,B.摩尔斯码“D”（—··）开始；,C.“划”（··）开始；,D.“划”（—··）开始",A,0,4
"44.seabeacon2-5雷达应答器三种工作状态和电流耗电特征为：静默状态:( ),警戒状态:( ),发射状态:( )。","A.0.2-0.5A，≤0.05A，0.7-1.1A；,B.≤0.05A，0.2-0.5A，0.7-1.1A；,C.0.2-0.5A，0.5-0.7A，0.7-1.1A；,D.0.7-1.1A，0.2-0.5A，≤0.05A",BBB,1,4
45.我海区目前使用的雷达应答器为( )式应答器。,"A.捷变,B.慢扫描,C.跳频,D.鉴频",D,0,4
46.雷达应答器空中电波传播方式主要靠( )。,"A.天波,B.空间波直射传播,C.地波,D.反射波",B,0,4
47.雷达应答器稳压电源电压输出要求波动应小于等于( )。,"A.5%,B.12V+/-5%,C.10%,D.12V",A,0,4
48.AIS是( )的英文缩写。,"A.船舶交通服务,B.船载交管系统；,C.船舶自动管理系统,D.船舶自动识别系统",D,0,4
49.AIS工作于海用( )频道。,"A.CH87，CH88；,B.CH87A，CH88B；,C.CH87B，CH88B；,D.CH88A，CH88B",C,0,4
50.AIS设备的核心部分是( )。,"A.通信处理器,B.信息处理器；,C.信息显示器,D.数据输入装置",B,0,4
51.AIS船舶在接入AIS网络后使用( )时分复用技术进行工作。,"A.FATDMA,B.SOTDMA,C.RATDMA,D.BATDMA",B,0,4
52.AIS船位报告自动发布周期与( )有关。,"A.船舶大小,B.货物种类,C.航速和航向,D.船舶类型",C,0,4
53.AIS的海上移动通信识别码是( )。,"A.IMO号,B.船舶呼号,C.MMSI号,D.船舶检验号",C,0,4
54.A类船载移动设备( )符合IMO相关的AIS装载要求，B类船载移动设备（）符合IMO相关的AIS装载建议。,"A.应.不必完全,B.应.应,C.不必完全.应,D.不作硬性要求",B,0,4
55.AIS航标使用第( )号电文广播助航信息。,"A.5,B.6,C.21,D.22",C,0,4
56.AIS发射机的调制方式是( )。,"A.2FSK,B.2PSK,C.GMSK/FM,D.3PSK",C,0,4
57.船舶自动识别系统适应的国际检验标准是( )。,"A.ITU-RM.1371-1,B.IEC61993-2,C.IMOMSC74(69),D.IMOMSC74(70)",B,0,4
58.下面哪个是AIS数据链本船电文：( )。,"A.VDM,B.VDO,C.ABK,D.DDO",B,0,4
59.下面哪个是AIS数据链接收电文：( )。,"A.VSD,B.VDO,C.VDM,D.VCD",C,0,4
60.国际海上人命安全公约有关船舶需强制安装船载AIS的规定涵盖下列内容正确的是：( ),"A.300总吨以上国际船舶，500总吨以上非国际船舶以及无论尺寸大小的客船,B.300总吨以上国际船舶，500总吨以内河以及无论尺寸大小的客船,C.300总吨以上国际船舶，500总吨以上非国际船舶以及可搭乘15人以上的客船,D.300总吨以上国际船舶，500总吨以上非国际船舶以及无论尺寸大小的危险品船",A,0,4
61.船舶与船舶之间的AIS通信( ),"A.必须通过AIS基站进行,B.必须通过中央临控中心进行,C.在作用距离范围内可在船舶AIS间进行,D.必须通过岸基AIS进行中转",C,0,4
62.高级加密标准的缩略语为( )。（出处：自动识别系统（AIS）航标应用导则JT/T1193—2018）,"A.AtoN,B.AES,C.BIIT,D.RAIM",B,0,4
63.海区航标效能验收规范要求，AIS岸站信号工作连续，每( )秒播发一次基站报文。（海区航标效能验收规范）,"A.3,B.5,C.8,D.10",D,0,4
"64.AIS的寻址安全报文是()号报文,占用()个时隙？( )","A.12号报文，占用1～5个时隙。,B.6号报文，占用1～5个时隙。,C.14号报文，占用1～5个时隙。,D.5号报文，占用1～5个时隙。",A,0,4
65.AIS共有2个频道，每个频道1分钟包含()个时隙，两个频道共有()个时隙。( ),"A.2150，4300,B.2350，4400,C.2250，4500,D.2450，4600",C,0,4
66.AIS播发和接收的方式是( )。（船载自动识别系统（AIS）技术要求）,"A.人工连续,B.自动连续,C.人工定时,D.自动定时",B,0,4
67.AIS发射的信息电文每帧占用时为( )。（船载自动识别系统（AIS）技术要求--时分）,"A.1分钟,B.30秒,C.5分钟,D.10秒",A,0,4
68.AIS数据每隔( )更新一次。,"A.1秒,B.2秒,C.3-5秒,D.10秒",B,0,4
69.船舶配备的AIS设备发送的信息不包括( )。,"A.船位和船速,B.船名和MMSI,C.船舶长度和宽度,D.能见度和海况",D,0,4
70.AIS设备中航向数据来自除( )仪器之外的传感器。,"A.电罗经,B.磁罗经,C.GPS,D.ECDIS",D,0,4
71.AIS用于船舶避碰，可以克服雷达/ARPA( )方面的缺陷。,"A.量程,B.显示方式,C.运动模式,D.天气与海况影响",D,0,4
72、AIS航标的MMSI号码一般由99后加3位数字的MID再加4位数字组成，代表中国的MID是( )。,"A.411、412,B.411、413,C.412、413,D.413、414",C,0,4
1.以下属于国际浮标制度A区域的国家有( )：,"A.中国,B.美国,C.澳大利亚,D.南非",ACD,1,4
2.以下哪些是IALA的出版物：( ),"A.IALA建议、指南、手册,B.IALA词典,C.IALA国际会议论文集,D.IALA期刊（季刊）",ABCD,1,4
3.IALA关于确定海上航标灯光发光强度的建议中，关于有效光强的计算有哪几种方法( )。,"A.Schmidt-Clausen定律,B.Allard法,C.Blondel-Rey-Douglas法,D.Talbot定律",ABC,1,4
4.关于大型浮动标志移位信号，IALA建议任何有人看守的或无人看守的( )离开了原位，可能对航行造成误导时，这些助航设备（灯光.音响信号、雷康、无线电航标）应立即停止工作。,"A.不发光浮标,B.发光浮标,C.灯船,D.兰比",BCD,1,4
5.IALA风险管理指南中风险管理中的危害包括哪些( ),"A.自然危害,B.经济危害,C.技术危害,D.人为因素,E.操作危害",ABCDE,1,5
6.海上浮标制度（MBS）规则用于指示：( ),"A.可航水道的侧面界限,B.天然碍航物和其他危险物，如沉船,C.对航海者重要的其他水域或者特征,D.新危险物",ABCD,1,4
7.海上浮标制度（MBS）规则适用于所有固定的和浮动的标志，但不包括( )。,"A.灯塔,B.扇形光灯标,C.导标灯和导标,D.灯船和大型浮标",ABCD,1,4
8.以下可用于航标系统的性能指标有( ),"A.可用性,B.可靠性,C.平均故障间隔时间,D.平均维修时间,E.连续性",ABCDE,1,5
9.IALA关于声响信号计算的建议中，阐述了决定听程的因素分( )类。,"A.声频的发射,B.声频的传播,C.传播平台的可闻度,D.水文气象",ABC,1,4
10.IALA风险管理指南中描述的风险管理过程包括的步骤( ),"A.识别风险/危害,B.评估风险,C.确定风险控制措施,D.作出决策和采取行动",ABCD,1,4
11.IALA风险管理指南中产生风险的危害有哪几种类型？( ),"A.自然危害,B.经济危害,C.技术危害,D.人为因素",ABCD,1,4
12.国际航标协会的会员包括以下哪些( ),"A.国家会员,B.联系会员,C.工业会员,D.名誉会员",ABCD,1,4
13.船舶发送的AIS信息包括以下( )类型的信息。,"A.固定的或静态信息,B.动态信息,C.航次相关的信息,D.与安全相关的短电文",ABCD,1,4
14.AIS工作的两个专用的VHF无线电频率为( )和( )。,"A.161.875MHZ,B.161.975MHZ,C.162.025MHZ,D.161.025MHZ",BC,1,4
15.SOLAS公约中约定各缔约国应承担义务，尽可能合作，以最适合于助航目的的方式进行下列哪些服务( ),"A.确保尽可能按安全航行的要求进行水文勘测,B.编制和发布海图、航行指南、灯塔表、潮汐表和其他航海出版物以满足安全航行的需要,C.向航海者颁布通告以使海图和航海出版物尽可能及时更新,D.提供数据管理安排以支持这些服务",ABCD,1,4
16.为满足SOLAS公约第V章第13条规定的义务，缔约国政府必须对( )进行评估。,"A.是否需要提供特殊类型的航标,B.航标的种类、数量和位置,C.为充分告知航海人员，须提供哪些信息服务,D.保证航标正常使用",ABC,1,4
17.目前SOLAS公约各缔约国政府提供给航海人员的信息有( ),"A.航行警告,B.航标表,C.标准说明,D.位置和方位",ABCD,1,4
18.以下选项中，哪些是国际海事组织对AIS规定的三个主要应用方面。( ),"A.避免船舶碰撞,B.使沿岸国获得船舶和装载货物的信息,C.便于交通管理,D.为调查碰撞航标事件提供证据",ABC,1,4
19.以下选项中属于AIS在船舶交通管理中的应用有( ),"A.VTS操作员实时获得船舶转向速率、航首方向、航向等数据,B.把雷达目标转换为AIS目标并将他们发射到区域内的船舶,C.得到船舶识别码等静态信息,D.发送文本电文",ACD,1,4
20.监控是风险管理过程的一个重要功能，它的基本功能有( ),"A.察觉和适应变化的环境,B.保证风险控制措施达到它们预期的结果,C.保证控制和交流策略合适的执行,D.证明用在各种分析中的假设的正确性",ABCD,1,4
21.因特殊的导航原因，国家管理当局可要求海上建筑物附加标示设备，包括( ),"A.带特定性质的高强度灯,B.指定作用范围、频率或特性的海上无线电信标,C.具有特定作用范围和特性的雷达信标,D.浮标",ABCD,1,4
22.在确定桥梁的最佳通过点时，将考虑以下哪些因素( ),"A.最大可用的净空高度,B.桥梁下水深,C.桥墩和其他防护物的保护,D.需要几条航行通道",ABCD,1,4
23.为确保船舶行驶通过桥梁时的安全，可采用哪些标示提醒船舶。( ),"A.视觉标志,B.音响信号,C.雷达反射器,D.雷达应答器",ABCD,1,4
24.塑料浮标包括以下的基本类型( ),"A.GPR或玻璃纤维,B.氨基钾酸脂涂层的泡沫,C.全泡沫浮标,D.模制热塑",ABCD,1,4
25.铅酸电池的优点有( ),"A.低成本,B.数量众多.品种齐全,C.浮充性能好,D.耐低温和耐高温的性能好",ABC,1,4
26.阀控式铅酸（VRLA）电池的优点有( ),"A.免维护,B.在浮标上使用寿命长,C.高容量,D.能量密度相对较高",ABC,1,4
27.镍镉电池的优点有( ),"A.极好的可靠性,B.循环使用寿命长,C.坚固耐用,D.良好的耐高温和耐低温性能",ABCD,1,4
28.氢化镍金属电池的优点有( ),"A.免维护,B.使用寿命长,C.正常操作没有气体排出,D.报废后可完全回收",ABCD,1,4
29.雷达反射器的种类包括( ),"A.两面反射器,B.三面反射器,C.四面反射器,D.龙泊透镜",ABD,1,4
30.以下关于雷达应答器的描述正确的有( )：,"A.在9GHz频带内，适合于应答水平极化的雷达。,B.应答响应时间通常不超过0.7μs。,C.识别码通常使用莫尔斯码。,D.接收组件休止期为应答后100μs。",ABCD,1,4
31.DGMSS广播基站的基准站的参数设置阀值正确的有( )：,"A.最少卫星4颗,B.伪距校正90－600M,C.完善性监测器反馈3－12S,D.仰角5－10度",ABCD,1,4
32.无线电导航的优点有( ),"A.覆盖范围大,B.全天候使用,C.需船载设备,D.投资量小",AB,1,4
33.以下哪些措施可最大限度减少航标用涂漆对环境的影响( )。,"A.选择较长使用寿命的涂漆,B.避免使用含铅、铬或水银等重金属的涂漆,C.选用低VOS的涂漆,D.尽可能多用防污漆",ABC,1,4
34.下面对导标的叙述正确的是( )：,"A.导标是一种航标系统，由两座或两座以上的分立的建筑物组成，建筑物上装有标志或者灯器。,B.当从航道中心线或直航段最深航路的轴线观察时，它们形成一直线。,C.导标为船舶提供寻找船艏向参考物。,D.导标为船舶提供横向航迹偏移量和偏移方向的视觉指示。",ABCD,1,4
35.下列关于叠标的叙述正确的有( )：,"A.叠标在IALA词典中定义为两座或两座以上标志成一直线,B.叠标能提供转向参考,C.叠标能为安全航行的界限定义一条无障碍线,D.沿着水道提供距离标志。",ABCD,1,4
36.下列英文简称翻译成中文正确的有( ),"A.IEC：国际电工委员会,B.ITU：国际电信联盟,C.VDR：航行数据记录仪,D.GMDSS：全球海上遇险和安全系统",ABCD,1,4
37.e-航海的愿景可以从( )要素的整体期望中体现出来。,"A.船端,B.岸端,C.通信,D.测绘",ABC,1,4
38.IALA关于VTS用户付费原则建议，就法定报酬，VTS使用者支付系统的法律框架很大程度上取决于VTS中心服务领域和自然领域，广义来说，VTS可分为( )类型。,"A.离岸型-在国际海域,B.海岸型-在主要覆盖越洋交通的地区海域,C.河口型-在入海口或内河,D.港口型-进入特别港口处",ABCD,1,4
1.根据《中华人民共和国海上交通安全法》，船舶、设施发现下列情况，应当迅速报告主管机关：( )（中华人民共和国海上交通安全法第二十四条）,"A.助航标志或导航设施变异、失常,B.有碍航行安全的碍航物、漂流物,C.船舶在锚地抛锚，等待进港,D.其它有碍航行安全的异常情况。",ABD,1,4
2.依据《中华人民共和国内河交通安全管理条例》，下列哪项是在航道内不允许的:( )（内河交通安全管理条例第二十七条）,"A.养殖水产物,B.种植植物,C.设置永久性固定标志,D.设置临时沉船示位标",ABC,1,4
3.航标管理机关给予奖励的行为包括：( )（中华人民共和国航标条例第十八条）,"A.船舶触碰航标报告的,B.检举、控告危害航标的行为，对破案有功的,C.及时制止危害航标的行为，防止事故发生或者减少损失的,D.捕捞水上漂流航标，主动送交航标管理机关的",BCD,1,4
4.专业单位可以自行设置自用的专用航标。专用航标的( )其他状况改变，应当经航标管理机关同意。（中华人民共和国航标条例第七条）,"A.设置,B.撤除,C.位置移动,D.保养",ABC,1,4
5.任何单位和个人发现沿海航标发生( )，应当及时向沿海航标管理机构报告。（中华人民共和国航标条例第十条）,"A.移位,B.漂失,C.失常,D.损坏",ABCD,1,4
6.下列设施中哪种属于航标辅助设施( )（中华人民共和国航标条例第十六条）,"A.航标场地,B.登陆点,C.码头,D.电力设施",ABCD,1,4
7.有下列行为的，由航标管理机关责令限期改正或者采取相应的补救措施：( )（中华人民共和国航标条例第二十条）,"A.在航标附近设置可能被误认为航标或者影响航标工作效能的灯光,B.在航标附近设置可能被误认为航标或者影响航标工作效能的音响装置,C.在视觉航标的通视方向或者无线电导航设施的发射方向构筑建筑物构筑建筑物,D.在视觉航标的通视方向或者无线电导航设施的发射方向构筑建筑物种植植物",ABCD,1,4
8.专用航标单位擅自( )，由航标管理机关责令限期拆除、重新设置、调整专用航标。（中华人民共和国航标条例第十九条）,"A.设置,B.撤除,C.移动专用航标,D.改变专用航标的其他状况",ABCD,1,4
9.航标灯管理和保护实行( )相结合的原则（中华人民共和国航标条例第四条）,"A.统一管理,B.分级负责,C.专用保护,D.群众保护",ABCD,1,4
10.在航标周围( )，属于影响航标工作效能的行为。（中华人民共和国航标条例第十七条）,"A.抛锚,B.200内爆破,C.拖锚,D.捕鱼",ACD,1,4
11.根据中华人民共和国航标条例，航标包括：( )(中华人民共和国航标条例第二条),"A.VTS,B.视觉航标,C.无线电导航设施,D.音响航标",BCD,1,4
12.下列行为是在河道里禁止的是：( )(中华人民共和国航道管理条例第二十二条),"A.倾倒沙石泥土,B.堆存材料,C.倾倒废弃物,D.合理挖取沙石泥土",ABCD,1,4
13.沿海航标管理机构包括：( )（沿海航标管理办法第三条）,"A.交通部,B.交通部海事局,C.交通部直属海事管理机构,D.县级以上地方人民政府交通主管部门。",BCD,1,4
14.负责沿海航标维护的单位，应当：( )（沿海航标管理办法第十六条）,"A.建立沿海航标维护质量保证体系,B.健全、落实沿海航标维护管理制度,C.加强对沿海航标的维护,D.符合国家标准。",ABC,1,4
15.根据海区航标设置管理办法，航标设置包括：( )（海区航标设置管理办法第三条）,"A.航标新设,B.航标撤除,C.航标位置移动,D.航标更改,E.航标其它状况改变。",ABCE,1,5
16.航标设置书面申请应当包括：( )（海区航标设置管理办法第九条）,"A.航标名称,B.设标地水（陆）域名称,C.标位地理坐标,D.预定工期,E.使用期限。",ABCDE,1,5
17.航标设置书面申请应附有：( )（海区航标设置管理办法第九条）,"A.最新的不小于1：10000的大比例尺测量图纸,B.占用水（陆）域批文或文件,C.完整的航标配布图,D.航标设计资质。",ABC,1,4
18.辖区航标管理机关申请第二类航标设置时，海区航标管理机关负责：( )（海区航标设置管理办法第十一条）,"A.审查,B.审批,C.上报,D.于20日内将书面审批意见下发。",ABD,1,4
19.海峡进出口段及通海河口段的航标配布，应注意( )(沿海航标管理办法第十一条),"A.连贯、衔接,B.明确航道的方向与界限,C.与其他标识相匹配,D.不得与其他标识相混淆",ABD,1,4
20.根据《海区航标设置管理办法》规定，下列那一组都属于第一类航标设置。( )(海区航标设置管理办法第六条),"A.立标、灯桩、雷达信标,B.灯塔、灯桩、无线电导航台、DGPS台,C.灯塔、无线电导航台、DGPS台,D.无线电导航台、无线电指向标，",CD,1,4
21.根据《海区航标设置管理办法》规定，下列那一组都属于第二类航标设置。( )((海区航标设置管理办法第六条)),"A.灯桩、立标、雷达信标,B.立标、灯浮标、浮标,C.立标、灯船、雾号、无线电指向标,D.立标、灯浮标、浮标、灯船、雾号",ABD,1,4
22.编制沿海水域航标总体规划，应当遵循( )的原则（沿海航标管理办法第四条）,"A.便利航行,B.确保安全,C.统筹兼顾,D.科学布局",ABCD,1,4
23.设置沿海航标，应当依法批准的沿海航标配布图和沿海航标配布方案为依据，做到( )。（沿海航标管理办法第十条）,"A.标位准确,B.安装牢固,C.标示清晰,D.效能可靠",ABD,1,4
24.船舶、设施所有人或者使用人以及沿海航标维护单位，发现沿海出现( )，应当及时向沿海航标管理机构报告。（沿海航标管理办法第十九条）,"A.沉没物,B.漂浮物,C.搁浅物,D.污染物",ABC,1,4
25.发生下列情况，应当报沿海航标管理机关备案：( )（沿海航标管理办法第二十条）,"A.沿海航标的维护单位发生变更,B.沿海航标的管理单位发生变更,C.公用航标改为专用航标,D.专用航标改为公用航标",(ABCD),1,4
26.禁止下列危害沿海航标的行为：( )（沿海航标管理办法第二十五条）,"A.非法侵占、损害沿海航标设施,B.非法移动、拆除沿海航标,C.非法改变沿海航标效能,D.在沿海航标设施上攀架物品",ABCD,1,4
27.下列属于国家航道的是：( )(中华人民共和国航道管理条例实施细则第三条),"A.对外开放的海港航道,B.国家指定的重要航道,C.可通航3000吨级以上（含3000吨级）海船的沿海干线航道,D.构成国家航道网.可以通航500吨级以上船舶的内河干线航道",ABCD,1,4
28.航道管理机构应定期发布那些航道通告：( )(中华人民共和国航道管理条例实施细则第十七条),"A.内河航道变迁,B.航标移动,C.航道尺度和水情,D.航标数量和位置",ABC,1,4
29.根据航标动态通报程序，第一类航标动态：( )(海区航标动态通报管理办法第五条),"A.通报当地航行警告发布部门,B.分别抄报天津、上海、广东海事局备案,C.分别报告天津、上海、广东海事局,D.通报中国航海图书出版社。",AB,1,4
30.根据航标动态通报程序，第二类航标动态：( )(海区航标动态通报管理办法第二条),"A.通报当地航行警告发布部门,B.分别抄报天津、上海.广东海事局备案,C.分别报告天津.上海.广东海事局,D.通报中国航海图书出版社。",AC,1,4
31.出现下列那项情况应发布航标动态：( )(海区航标动态通报管理办法第四条),"A.发现污染物,B.航标位置调整,C.改变航标灯质,D.拆除航标",(BCD),1,4
32.下列哪种变动应在航标变动前不少于20天申请发布航标动态：( )(海区航标动态通报管理办法第九条),"A.航标设置,B.航标位置调整,C.航标射程改变,D.航标损害",ABC,1,4
33.在中华人民共和国沿海水域及相关陆域，海区航标动态通报管理办法适用于：( )（海区航标动态通报管理办法第二条）,"A.设置的航标,B.航标所有人,C.航标管理人,D.航标有关单位",ABCD,1,4
34.海上航行警告由国家主管机关或者其授权的机关以什么形式发布:( )(中华人民共和国海上航行警告和航行警告通告管理规定第四条),"A.传真,B.无线电报,C.无线电话,D.电子邮件",BC,1,4
35.出现下列( )情况应发布二类航标动态:（海区航标动态通报管理办法第四条）,"A.改变航标灯质,B.水中标志移位,C.撤除航标,D.航标损坏",AC,1,4
36.桥墩警示标志的灯质是( )。,"A.联闪,B.连续甚快闪,C.混合联闪,D.连续快闪",BD,1,4
37.灯船的夜间灯质是( )（中国海区灯船和大型浮标制式4.2）,"A.单闪，白光，周期6s,B.单闪，白光，周期10sl,C.联闪2次，白光，周期10s,D.联闪3次，白光，周期15s",ABCD,1,4
38.灯光灯质是指作为航标灯识别特征所显示出的特定的( )总称。(航标术语4.5.10),"A.光色,B.节奏,C.周期,D.亮度",ABC,1,4
39.中国海区水上助航标志规定的顶标形状有哪些：( )(中国海区水上助航标志3.3.2),"A.罐形,B.锥形,C.球形,D.“X”形",ABCD,1,4
40.中国海区水上助航标志规定的基本浮标形状有哪些：( )(中国海区水上助航标志3.3.1),"A.罐形,B.锥形,C.球形,D.“X”形",ABC,1,4
41.钢管灯桩按照形式可分为( )（钢管灯桩通用技术条件JT/T102-2009）,"A.升降式钢管灯桩,B.三角式钢管灯桩,C.接管式钢管灯桩,D.柱式钢管灯桩",ABCD,1,4
42.专用航标用于指示某一特定水域或特征，下列应设置专用航标的是：( )(中国海区水上助航标志8),"A.检疫锚地,B.军事演习区,C.体育训练区,D.养殖场",ABCD,1,4
43.方位标志与航海罗经结合使用，设在以危险物或危险区为中心的北、东、南、西四个象限，分别为：( )(中国海区水上助航标志5),"A.西北至东北,B.东南至西南,C.东北至东南,D.西南至西北",ABCD,1,4
44.关于推荐航道右侧标，下列说法正确的是：( )(中国海区水上助航标志4.4),"A.形状为锥形，或装有顶标的柱形或杆形,B.顶标为单个绿色锥形，锥顶向下,C.颜色为绿色，中间有一条红色宽横带,D.灯质可以为混合联闪2次加1次，绿色，周期3秒",AC,1,4
45.定线制包括：( )(航标术语3.2.3),"A.沿岸通航带,B.推荐航道,C.环形航道,D.分道通航制",ABCD,1,4
46.船舶顺航道走向航行时，下列说法正确的是：( )(航标术语3.2.17),"A.左舷一侧为航道左侧,B.右舷一侧为航道右侧,C.左舷一侧为航道右侧,D.右舷一侧为航道左侧",AB,1,4
47.依据航标术语，下列属于经济航道的是：( )(航标术语3.2.21),"A.缓流航道,B.推荐航道,C.短捷航道,D.经济开发区航道",AC,1,4
48.下列那些锚链部件应作拉断试验：( )　（浮标锚链6）,"A.末端卸扣,B.转环,C.末端链环,D.园令环",ABCD,1,4
49.锚链节和锚链零部件检查时，下列那项应该检查：( )(浮标锚链5.2),"A.外观,B.焊缝,C.表面质量,D.零部件连接情况",ABCD,1,4
50.下列说法正确的是:( )(浮标锚链2),"A.加大链环应直接与普通链环相连,B.短链接的长度约13.7米,C.末端链环应与加大链环相连,D.连接卸扣应与末端链环相连",ACD,1,4
51.导标设置应具备以下地理环境：( )（水运工程导标设计规范1.0.4）,"A.航道轴线延长线的一方，在目视距离内（一般不大于18.5k）伸向陆地或具有投标条件的水域；,B.沿航道轴线延长线地面高程适当；,C.沿航道轴线观察导标有良好的背景：,D.沿航道轴线观察导标有良好的通视条件；",ABCD,1,4
52.设计导标应综合考虑以下因素：( )（水运工程导标设计规范1.0.6）,"A.航道选线方案；,B.有关地理、水文和气象资料；,C.附近高大的固定建筑.、动机械和水上大型船舶、浮动设施靠泊及附近背景情况；,D.船舶通航情况，对导标的使用要求和设计船型；,E.港口及当地建设规划中可能影响导标效能的近期建设项目和污染源；",ABCDEF,1,5
53.导标标身可采用实体的塔形或标架上置标牌。标牌形状可选用( )（水运工程导标设计规范7.0.1）,"A.短形,B.三角形,C.正方形,D.梯形,E.圆形",BCDEF,1,5
54.下列哪项是导标适用的范围：( )(水运工程导标设计规范1.0.5),"A.标示狭窄航道的位置和方向,B.标示安全水域的界线,C.在宽阔水域推荐安全合理的航道,D.标示人工开挖航道的轴线和边线",ABCD,1,4
55.蓄电池应配备附着牢固、字样清晰、耐久的铭牌，下列属于铭牌上标明的内容有：( )(航标用铅酸电池7.1.2),"A.产品型号、编号、批号、商标,B.制造厂名称和地址,C.制造年、月,D.额定电压、额定容量",ABCD,1,4
56.灯塔的塔身高度除应满足灯泡射程所需地理视高度要求外，还应满足：( )(灯塔主体及附属设施设置要求4.2),"A.一级灯塔：不小于20米,B.二级灯塔：不小于10米,C.三级灯塔：不小于8米,D.一级灯塔：不小于12米",BCD,1,4
57.关于灯塔生活用房总建筑面积，下列说法错误的是：( )(灯塔主体及附属设施设置要求5.2.3),"A.A类一级灯塔：不大于240平方米,B.A类二级灯塔：不大于210平方米,C.B类一级灯塔：不大于200平方米,D.B类二级灯塔：不大于170平方米",AC,1,4
1.视觉航标的管理要求是：( )（海区航标作业管理规则2.1）,"A.灯质正常,B.标位准确,C.涂色鲜明,D.结构良好",ABCD,1,4
2.遇有下列( )情况，无法在规定时间内恢复时，应迅速报告主管部门：（海区航标作业管理规则8.6）,"A.灯标的灯光熄灭、灯质不正常；,B.灯桩、导标、立标、灯浮标和浮标受损，影响助航效果；,C.灯浮标、浮标移位或漂失；,D.因其他原因，灯桩、导标、立标、灯浮标和浮标无法继续正常工作，影响助航效果时。",ABCD,1,4
3.灯桩、导标和立标巡检补给时，应携带( )等。（海区航标作业管理规则10.3）,"A.备用灯器,B.电池,C.油漆,D.工具及零配件",ABCD,1,4
4.灯浮标、灯浮更换前应检查替换灯浮标的( )。（海区航标作业管理规则14.2）,"A.灯质,B.涂色,C.标名,D.标记,E.顶标与被更换灯浮标相符",ABCDEF,1,5
5.灯浮标、浮标的沉石和锚链系统是根据( )作相应配备的。（海区航标作业管理规则15.1）,"A.灯浮标、浮标的型号,B.抛设位置的水深,C.潮汐,D.海底底质情况,E.灯浮标、浮标的重量",ABCD,1,5
6、以下属于灯船的作用的是( )（中国海区灯船和大型浮标制式3.1）,"A.标示港口口门,B.标示重要重要转向点,C.供船舶测定船位,D.供船舶确定航向",ABCD,1,4
7.中国海区安全水域标灯质有( )。（GB4696）,"A.明暗光,B.等明暗,C.长闪光,D.莫尔斯信号“A”,E.莫尔斯信号“D”",BCD,1,5
8.航道走向是指( )。（GB4696）,"A.船舶在沿海、河口的航道航行时习惯走向,B.从海上驶近或进入港口、河口、港湾或其他水道的方向,C.在外海、海峡或岛屿之间的水道，原则上指围绕大陆顺时针航行的方向,D.在复杂的坏境中，航道走向由航标管理机关规定，并在海图上用“-》”标示",BCD,1,4
9.“航标应急反应活动”包括( )（海区航标应急反应管理办法(试行)第二十六条）,"A.航标应急恢复,B.应急设标,C.应急任务,D.船舶应急",ABC,1,4
10.海区航标固定建（构）筑物维护分为（）三种。( )（海区航标固定建（构）筑物维护1.2）,"A.日常性的,B.周期性的,C.定期,D.不定期",(ABD),1,4
11.辖区航标管理机构应当根据历史灯塔的历史、艺术、科学价值，按国家有关规定申报文物保护单位，原则上（）历史灯塔申报作为县、自治县、市级文物保护单位，（）以上历史灯塔申报作为省、自治区、直辖市级文物保护单位。( )（中国海区历史灯塔保护管理办法(暂行)第六条）,"A.一级,B.二级,C.三级,D.四级",(CB),1,4
12.对违反《中国海区历史灯塔保护管理办法》破坏历史灯塔的行为，视其情节轻重及其后果，按照有关规定给予( )。（中国海区历史灯塔保护管理办法(暂行)第十一条）,"A.警告,B.行政处分,C.罚款,D.依法追究刑事责任",(ABCD),1,4
13.配布沿海航标应当：( ),"A.编制沿海航标配布图,B.编制沿海航标配布方案,C.报上级沿海航标管理机构审批,D.报交通部海事局备案",ABC,1,4
14、导标标身可采用实体的塔形或标架上置标牌。标牌形状可选用矩形外，还可选用( )。（航标法规标准汇编—港口技术规范）,"A.圆形,B.三角形,C.正方形,D.正六边形",ABC,1,4
15、凡在( )时应发放雾号。（北方海区航标管理—音响航标）,"A.雾天,B.阴晦天气,C.下雪,D.暴风雨其能见度小于2海里",ABCD,1,4
16、应急反应资源包括：( )（海区航标应急反应管理办法(试行第六条),"A.通信设备,B.交通工具,C.技术人员,D.航标设备和器材",ABD,1,4
17.辖区航标处应在( )配备适量的并处于良好状态的各类航标设备、器材，确保能满足本辖区内航标应急反应的需要。（海区航标应急反应管理办法(试行)第六条）,"A.航标站,B.航标保养基地,C.航标船,D.处机关",ABC,1,4
18.当地海事部门应向辖区航标处提供船舶事故信息有：( )（海区航标应急反应管理办法(试行)第八条）,"A.位置及报警时间,B.船舶建造年份,C.船舶沉没时间,D.沉船位置,E.船艏向",ACDEF,1,5
19.当地海事部门应向辖区航标处提供基本信息包括( )等。（海区航标应急反应管理办法(试行)第八条）,"A.船舶的国籍,B.名称,C.船舶沉没时间,D.船型,E.吨位",ABDEFG,1,5
20.航标应急恢复时辖区航标处应了解( )。（海区航标应急反应管理办法(试行)第十条）,"A.航标的失常状况,B.附近水域的水文,C.附近水域的气象资料,D.附近水域的船舶流量",ABC,1,4
21、不是灯塔灯光高度起算面的是( )。（出处：航标法规标准汇编P212）,"A.平均大潮高潮面,B.平均小潮高潮面,C.平均海面,D.黄海基准面,E.当地最高潮面",BCDE,1,5
22、浮动助航标志的配布原则有( )。（出处：海区灯浮标设置规范）,"A.效能原则,B.效益原则,C.先进性原则,D.标准化原则",ABCD,1,4
23、海区航标应急反应管理办法(试行)在下列哪些情况下不适用？( )（海区航标应急反应管理办法(试行)第二十五条）,"A.天气恶劣,B.海况恶劣,C.超出航标船安全作业条件,D.超出航标工作人员安全作业条件",(ABCD),1,4
24、灯浮标、浮标巡检检查时接线有( )应及时修复或更换。（海区航标作业管理规则11.4）,"A.松动,B.磨损,C.灰尘,D.老化",ABD,1,4
25、灯浮标、浮标巡检检查时要做好（）。( )（海区航标作业管理规则11.4）,"A.擦拭透镜,B.检查灯器,C.校对灯质,D.测量开路电压和工作电流",(ABCD),1,4
26、灯浮标、浮标巡检检查太阳能板时要检查( )，并清洁面板。（海区航标作业管理规则11.4）,"A.太阳能面板,B.接线盒,C.太阳能尺寸,D.充电控制器",ABD,1,4
27、气象能见度与( )无关。（出处：视觉航标基础理论P83）,"A.白天,B.黑夜,C.大气浑浊程度,D.测者视力",ABD,1,4
28、三原色是指( )。（出处：航标光声学P119）,"A.白色,B.黑色,C.红色,D.绿色,E.黄色",CDF,1,5
29、下列属于快闪光的是( )。（航标术语）,"A.每分钟闪光40次,B.每分钟闪光60次,C.每分钟闪光70次,D.每分钟闪光90次",BC,1,4
30.灯器的水平发散角与( )有关。（出处：航标光声学P292）,"A.灯器焦距,B.供电电流,C.灯泡的大小,D.灯丝的水平宽度",AD,1,4
31.按航标编号规定，不同的航道可以分别编号，同一航道的标志号码( )。（出处：航标法规标准汇编P214）,"A.可按顺序连续编排,B.可按左单右双编排,C.可按左双右单编排",AC,1,3
32.万用表的功能可( )（出处:万用表手册）,"A.测量电压,B.测量电流,C.测量电阻,D.测量电容,E.二极管压降",ABCDE,1,5
1.海图与文字比较，具有以下特点：( )<电子海图应用培训教程>,"A.形象直观,B.方位准确,C.几何精确,D.信息量大",(ABC),1,4
2.海道测量的产品：( ),"A.纸海图,B.电子海图,C.潮汐表,D.水位计",ABC,1,4
3.海道测量的主要观测数据有：( ),"A.水深,B.底质,C.潮流,D.潮汐,E.控制点点位",ABCDEF,1,5
4.对水航速是船舶在( )情况下的对水航速。,"A.无风流,B.有风无流,C.有流无风,D.有风流",(ABCD),1,4
5.海道测量的特点：( ),"A.测量工作的实时性,B.海底地貌的不可视性,C.测量基准的变化性,D.测量工作的现势性,E.测量内容的综合性",ABCDE,1,5
6.海道测量的主要内容：( ),"A.大地控制测量,B.海岸地形测量,C.海洋重力测量,D.水深测量,E.扫海测量",ABDEF,1,5
7.雷达测量横向的岬角、突堤方位时，应该将方位标尺线压住( )。,"A.回波边缘，读数减去角向肥大值,B.中心,C.右边线,D.回波边缘，读数加上角向肥大值",(AD),1,4
8.水深点位的表示：( ),"A.点在球面坐标系中的位置：经度.纬度和点在高程系统中的高程。,B.点在球面坐标系中的位置：经度.纬度和点在深度基准面下的水深。,C.点在平面坐标系中的位置：纵坐标.横坐标和点在高程系统中的高程。,D.点在平面坐标系中的位置：纵坐标.横坐标和点在深度基准面下的水深。",BD,1,4
9.海道测量定位的方法：( ),"A.光学仪器定位,B.地面无线电定位,C.水下声标定位,D.GPS卫星定位",ABCD,1,4
10.船舶航行时下列哪种情况宜使用回声测深仪测深( ),"A.船舶进车时,B.船舶倒车时,C.船舶锚泊中,D.船舶停车淌航时",ACD,1,4
11.我国海道测量中，使用的投影有( ),"A.高斯-克吕格投影,B.兰勃特投影,C.UTM投影,D.墨卡托投影",AD,1,4
1.各航标处应根据实际需要，向所属海区航标管理部门提出进口设备申请报告，报告应说明确设备的( )。,"A.引进的理由,B.技术规格,C.选型依据,D.安装地点",ABCD,1,4
2.航标.测绘进口设备在开箱验收和技术性能验收过程中如发生( )等问题，应立即报告上级主管部门并通知进口设备商务代理公司，由其按有关规定和程序进行处理。,"A.货损,B.货差,C.性能不满足技术规格要求,D.质量",ABCD,1,4
3.使用单位应建立进口设备档案，每次( )等，都必须做好记录，做到及时.清楚.准确完整。,"A.维护,B.测试,C.故障维修,D.技术数据更改",ABCD,1,4
4.用无线电方法测定船舶位置的基本方法有：( ),"A.测向法,B.测距法,C.测距差法,D.双曲线法",ABC,1,4
5.卫星定位传播路径误差主要包括：( ),"A.电离层误差,B.对流层误差,C.多路径效应,D.天线电缆参数",ABC,1,4
6.利用GPS进行导航定位，其定位精度主要取决于：( ),"A.观测量的精度,B.卫星在空间的几何分布,C.天线状况,D.定位时间",AB,1,4
7.按RBN-DGPS台站设备操作规则，中国沿海RBN-DGPS台站必须发布的RTCM信息包括：( ),"A.RTCM9-3,B.RTCM16,C.RTCM59,D.RTCM1",ABC,1,4
8.GPS定位系统的工作频率在：( ),"A.1575.42MHz,B.1227.60MHz,C.1602.5625MHz-1615.5MHz,D.1246.4375MHz-1256.5MHz",AB,1,4
9.VTS的组成包括( )。,"A.通信子系统,B.雷达子系统,C.雷达数据处理子系统,D.终端采集系统",ABC,1,4
10.AIS的主要作用包括( )。,"A.AIS将使船舶之间.船岸之间进行有效的数据交换,B.船舶报告制度,C.对于沿岸国和管理当局，获得船舶和装载货物的信息,D.作为对VTS有效的补充，为交通管理服务。",ACD,1,4
11.AIS的构成包括( )。,"A.通信处理器,B.信息处理器；,C.信息显示器,D.数据输入装置",ABC,1,4
12.AIS岸台建设规划选址时应当考虑哪些因素？( ),"A.区域内交通流量大小,B.VHF能否覆盖要求的范围,C.重点区域的冗余覆盖,D.电磁环境状况,E.地理环境安全",ABCDE,1,5
13.AIS信息处理器储存下列内容( )。,"A.本船识别码,B.采集编码,C.船名,D.船型",ACD,1,4
14.雷达信标的作用包括( )。,"A.对海上和陆上航标的识别,B.初见陆地的识别,C.船舶呼号的识别,D.表明桥梁下可航行的跨距",ABD,1,4
15.海区雷达应答器的工作频段包括( )。,"A.X波段,B.C波段,C.D波段,D.S波段",AD,1,4
16.VTS通信子系统包括( )通信设备。,"A.微波,B.有线通信,C.VHF,D.光纤",ABCD,1,4
17.对信标历书的说法，正确的是( )（《全球定位系统原理与应用》）,"A.信标历书更新不需要太快，对海上用户，每10min更新一次,B.信标健康状况改变后应立即在电文中更改,C.信标历书包含差分信息,D.信标历书一经确定无须更新",AB,1,4
18.安装在灯船.浮标上雷达应答器应符合下列的安装要求：( )。,"A.适应灯船.浮标摇动的影响,B.具有旁瓣抑制功能,C.功耗低,D.天线波束垂直张角小",ABC,1,4
19.新设应答器在工作前，管理机关应按规定发布航海通告，并报部备查，通告的内容应包括：( ),"A.应答器安装地点（包括经纬度）,B.应答器开始工作的时间,C.应答器的工作频率,D.应答器识别编码",ABD,1,4
20.AIS船台天线包括：( ),"A.GPS天线,B.VHF天线D.雷达天线,,D.雷达天线C.GSM天线",AB,1,4
21.有关DGPS描述，正确的是( ),"A.差分全球定位系统,B.GPS定位精度比DGPS高,C.DGPS定位精度与台站/用户间距离有关,D.用户与台站距离越远定位精度越低",ACD,1,4
22.AIS基站主要组成部分包括( ),"A.2个AIS接收机,B.1个AIS发射机；,C.1个控制单元,D.内部同步源和电源",ABCD,1,4
23.AIS基站参数设置包括( ),"A.工作频率在156.025MHz—162.025MHz之间；,B.信道间隔最低12.5kHz，最高25KHZ之间可选；,C.AIS1（默认信道1）频率为161.975MHz,D.AIS2（默认信道1）频率为162.025MHz,E.比特率为1800bps",ABCD,1,5
24.伪距差分GPS播发台播发的校正量错误的说法是( ),"A.位置校正值,B.伪距校正值,C.时间校正值,D.频率修正",ACD,1,4
25.以下有关岸基AIS系统陈述，正确的是( ),"A.AIS系统可对海上航行的一切船舶进行实时跟踪,B.AIS系统能实现对装有AIS船台船舶实现航行轨迹回放,C.AIS系统对协助海事调查取证发挥了重要作用,D.AIS数据可接入VTS",BCD,1,4
26.以下不是船舶自动识别系统的检验标准是( )。,"A.ITU-RM.1371-1,B.IEC61993-2,C.IMOMSC74(69),D.GB/T17424—1998",ACD,1,4
27.有关差分GPS描述正确的是( ),"A.在已知点安装GPS接收机接收卫星信号,监测GPS系统误差,B.接规定时间格定时地将误差播发出去,C.用户接收差分信号校正位置,D.可提高时间精度",ABC,1,4
28.以下说法正确的是( ),"A.AIS自动识别系统,B.BER误码率,C.BIIT内置式完整性测试,D.BT频率时间积",ABC,1,4
29.以下说法错误的是( ),"A.FATDMA非固定时分多址,B.GNSS全球导航卫星系统,C.IALA国际航标协会,D.IHO国际航标组织",AD,1,4
30.AIS基站的PI的用途( )：,"A.与PSS交互VDL信息；,B.配置基站；,C.实现基站的实时控制；,D.提供BIIT报警和状态输出",ABCD,1,4
31.以下说法正确的是( ),"A.AIS基站可作为独立基站运行,B.AIS基站可作为非独立基站运行,C.AIS基站只能作为独立基站运行,D.AIS基站不能作为独立基站运",AB,1,4
32.AIS基站对AIS移动台可进行如下设置( ),"A.区域指定,B.区域工作频率指配,C.带宽,D.收发模式",ABCD,1,4
33.电文7信标历书内容包括( )（《全球定位系统原理与应用》）,"A.发射差分GPS校正量的航海无线电信标台的位置,B.发射差分GPS校正量的航海无线电信标台的频率,C.发射差分GPS校正量的航海无线电信标台的服务范围,D.发射差分GPS校正量的航海无线电信标台的工作状况",ABCD,1,4
34.以下表述正确的是( ),"A.罗兰C是中远程导航系统,B.GPS是全球导航系统,C.GLONASS是地面导航系统,D.北斗星导航系统已覆盖全球",AB,1,4
35.GPS定位误差包括( ),"A.电离层误差,B.对流层误差,C.多路径误差,D.伪随机码误差",ABCD,1,4
36.有关DGPS描述，错误的是( ),"A.定位精度与台站距离无关,B.定位精度比GPS高,C.在离台站50公里和200公里定位精度是一样的,D.DGPS接收2颗以上卫星可进行3维定位",ACD,1,4
37.有关AIS船台描述，正确的是( ),"A.AIS船台含有GPS接收机,B.AIS船台具有发射和接收功能,C.AIS船台只能用于与基站通信,D.AIS船台MMSI码不是唯一的",AB,1,4
38.有关RTCM电文结构组成，正确的是( )（《全球定位系统原理与应用》）,"A.RTCM电文由二进制编码数据流组成,B.每类电文由（N+2）个30bit的字组成,C.RTCM电文由四进制编码数据流组成,D.每类电文由（N+1）个30bit的字组成",AB,1,4
39.AIS设备/台站包括( ),"A.A类船载移动台站,B.B类船载移动台站,C.SAR飞机移动台站,D.基站",ABCD,1,4
40.以下英语缩写，正确的翻译是( ),"A.Rx接收,B.TDMA固定时分多址,C.Tx发射,D.VDL甚高频数据链路,E.VSWR电压驻波比",ACDE,1,5
41.雷达应答器由哪几个部分组成：( ),"A.一个收信机,B.一个发射机,C.一个收发共用天线,D.一个中央处理器",ABC,1,4
